{
  "CB1 0AR":1,
  "CB1 0LE":1,
  "CB1 0LZ":1,
  "CB1 2WP":1,
  "CB1 3WU":1,
  "CB2 3HQ":1,
  "CB23 6WU":1,
  "CB23 7RB":1,
  "CB23 7WD":1,
  "CB23 8WD":1,
  "PE1 1AA":4,
  "PE1 1AB":4,
  "PE1 1AD":4,
  "PE1 1AE":4,
  "PE1 1AF":4,
  "PE1 1AG":1,
  "PE1 1AH":3,
  "PE1 1AJ":4,
  "PE1 1AL":3,
  "PE1 1AN":3,
  "PE1 1AP":3,
  "PE1 1AQ":3,
  "PE1 1AR":4,
  "PE1 1AS":4,
  "PE1 1AT":4,
  "PE1 1AU":4,
  "PE1 1AW":3,
  "PE1 1AX":4,
  "PE1 1AY":4,
  "PE1 1AZ":1,
  "PE1 1BA":4,
  "PE1 1BB":4,
  "PE1 1BE":4,
  "PE1 1BF":4,
  "PE1 1BG":1,
  "PE1 1BH":4,
  "PE1 1BJ":4,
  "PE1 1BL":1,
  "PE1 1BN":4,
  "PE1 1BP":1,
  "PE1 1BQ":4,
  "PE1 1BT":4,
  "PE1 1BX":4,
  "PE1 1BY":4,
  "PE1 1BZ":4,
  "PE1 1DA":4,
  "PE1 1DB":4,
  "PE1 1DD":4,
  "PE1 1DE":4,
  "PE1 1DF":4,
  "PE1 1DG":4,
  "PE1 1DH":4,
  "PE1 1DJ":4,
  "PE1 1DL":1,
  "PE1 1DN":4,
  "PE1 1DP":4,
  "PE1 1DQ":4,
  "PE1 1DR":4,
  "PE1 1DS":4,
  "PE1 1DT":4,
  "PE1 1DU":4,
  "PE1 1DW":4,
  "PE1 1DX":4,
  "PE1 1DY":4,
  "PE1 1DZ":4,
  "PE1 1EB":4,
  "PE1 1ED":4,
  "PE1 1EE":4,
  "PE1 1EF":4,
  "PE1 1EG":4,
  "PE1 1EH":4,
  "PE1 1EJ":4,
  "PE1 1EL":4,
  "PE1 1EN":4,
  "PE1 1EP":4,
  "PE1 1EQ":4,
  "PE1 1ER":4,
  "PE1 1ES":4,
  "PE1 1ET":4,
  "PE1 1EU":4,
  "PE1 1EW":4,
  "PE1 1EX":4,
  "PE1 1EY":1,
  "PE1 1EZ":1,
  "PE1 1FA":4,
  "PE1 1FB":4,
  "PE1 1FD":4,
  "PE1 1FE":4,
  "PE1 1FF":4,
  "PE1 1FG":4,
  "PE1 1FH":4,
  "PE1 1FJ":4,
  "PE1 1FQ":4,
  "PE1 1FR":4,
  "PE1 1FU":4,
  "PE1 1FW":4,
  "PE1 1FX":4,
  "PE1 1FZ":4,
  "PE1 1GF":4,
  "PE1 1GG":4,
  "PE1 1GL":1,
  "PE1 1GN":1,
  "PE1 1GP":1,
  "PE1 1GQ":4,
  "PE1 1GR":1,
  "PE1 1GS":4,
  "PE1 1GT":1,
  "PE1 1GU":1,
  "PE1 1GW":1,
  "PE1 1GX":1,
  "PE1 1GY":4,
  "PE1 1GZ":4,
  "PE1 1HA":4,
  "PE1 1HD":4,
  "PE1 1HE":4,
  "PE1 1HF":4,
  "PE1 1HG":4,
  "PE1 1HH":4,
  "PE1 1HJ":4,
  "PE1 1HL":4,
  "PE1 1HN":4,
  "PE1 1HP":4,
  "PE1 1HQ":4,
  "PE1 1HR":4,
  "PE1 1HT":4,
  "PE1 1HW":1,
  "PE1 1HX":4,
  "PE1 1HY":4,
  "PE1 1HZ":4,
  "PE1 1JA":4,
  "PE1 1JB":4,
  "PE1 1JD":4,
  "PE1 1JE":4,
  "PE1 1JF":4,
  "PE1 1JG":4,
  "PE1 1JH":4,
  "PE1 1JJ":4,
  "PE1 1JL":4,
  "PE1 1JN":4,
  "PE1 1JP":4,
  "PE1 1JQ":4,
  "PE1 1JR":4,
  "PE1 1JS":4,
  "PE1 1JT":4,
  "PE1 1JU":4,
  "PE1 1JW":4,
  "PE1 1JX":4,
  "PE1 1JY":4,
  "PE1 1JZ":4,
  "PE1 1LA":4,
  "PE1 1LB":4,
  "PE1 1LD":4,
  "PE1 1LE":4,
  "PE1 1LF":4,
  "PE1 1LG":4,
  "PE1 1LH":4,
  "PE1 1LJ":1,
  "PE1 1LL":4,
  "PE1 1LN":4,
  "PE1 1LP":4,
  "PE1 1LQ":4,
  "PE1 1LR":4,
  "PE1 1LS":4,
  "PE1 1LT":4,
  "PE1 1LU":4,
  "PE1 1LW":4,
  "PE1 1LX":4,
  "PE1 1LY":4,
  "PE1 1LZ":4,
  "PE1 1NA":4,
  "PE1 1NB":4,
  "PE1 1ND":4,
  "PE1 1NE":4,
  "PE1 1NF":4,
  "PE1 1NG":4,
  "PE1 1NH":4,
  "PE1 1NJ":4,
  "PE1 1NL":4,
  "PE1 1NN":4,
  "PE1 1NP":4,
  "PE1 1NQ":4,
  "PE1 1NR":4,
  "PE1 1NS":4,
  "PE1 1NT":4,
  "PE1 1NU":4,
  "PE1 1NW":4,
  "PE1 1NX":4,
  "PE1 1NY":4,
  "PE1 1NZ":1,
  "PE1 1PA":4,
  "PE1 1PB":4,
  "PE1 1PD":4,
  "PE1 1PE":4,
  "PE1 1PG":4,
  "PE1 1PH":4,
  "PE1 1PJ":4,
  "PE1 1PL":1,
  "PE1 1PN":1,
  "PE1 1PQ":4,
  "PE1 1PR":4,
  "PE1 1PS":1,
  "PE1 1PT":4,
  "PE1 1PU":4,
  "PE1 1PW":4,
  "PE1 1PX":4,
  "PE1 1PY":4,
  "PE1 1PZ":4,
  "PE1 1QA":4,
  "PE1 1QB":1,
  "PE1 1QD":1,
  "PE1 1QE":1,
  "PE1 1QF":4,
  "PE1 1QG":4,
  "PE1 1QH":1,
  "PE1 1QJ":4,
  "PE1 1QL":4,
  "PE1 1QN":4,
  "PE1 1QP":1,
  "PE1 1QQ":1,
  "PE1 1QR":1,
  "PE1 1QS":4,
  "PE1 1QT":4,
  "PE1 1QU":1,
  "PE1 1QW":1,
  "PE1 1QX":1,
  "PE1 1QY":2,
  "PE1 1QZ":5,
  "PE1 1RA":4,
  "PE1 1RB":4,
  "PE1 1RD":4,
  "PE1 1RE":4,
  "PE1 1RF":4,
  "PE1 1RG":4,
  "PE1 1RH":4,
  "PE1 1RJ":4,
  "PE1 1RL":4,
  "PE1 1RN":4,
  "PE1 1RP":4,
  "PE1 1RQ":4,
  "PE1 1RR":4,
  "PE1 1RS":4,
  "PE1 1RT":4,
  "PE1 1RU":4,
  "PE1 1RW":4,
  "PE1 1RX":4,
  "PE1 1RY":1,
  "PE1 1RZ":4,
  "PE1 1SA":4,
  "PE1 1SB":4,
  "PE1 1SD":4,
  "PE1 1SE":4,
  "PE1 1SF":1,
  "PE1 1SG":4,
  "PE1 1SH":4,
  "PE1 1SJ":4,
  "PE1 1SL":4,
  "PE1 1SN":4,
  "PE1 1SP":4,
  "PE1 1SQ":4,
  "PE1 1SR":4,
  "PE1 1SS":4,
  "PE1 1ST":4,
  "PE1 1SU":4,
  "PE1 1SW":4,
  "PE1 1SX":4,
  "PE1 1SY":4,
  "PE1 1SZ":5,
  "PE1 1TA":4,
  "PE1 1TB":4,
  "PE1 1TD":4,
  "PE1 1TE":4,
  "PE1 1TF":4,
  "PE1 1TG":4,
  "PE1 1TH":4,
  "PE1 1TJ":4,
  "PE1 1TL":4,
  "PE1 1TN":4,
  "PE1 1TP":4,
  "PE1 1TQ":4,
  "PE1 1TR":4,
  "PE1 1TS":4,
  "PE1 1TT":5,
  "PE1 1TU":4,
  "PE1 1TW":4,
  "PE1 1TX":4,
  "PE1 1TY":4,
  "PE1 1TZ":5,
  "PE1 1UA":4,
  "PE1 1UB":1,
  "PE1 1UD":4,
  "PE1 1UE":4,
  "PE1 1UF":4,
  "PE1 1UG":4,
  "PE1 1UH":4,
  "PE1 1UJ":4,
  "PE1 1UL":4,
  "PE1 1UN":4,
  "PE1 1UP":4,
  "PE1 1UQ":4,
  "PE1 1UR":4,
  "PE1 1UT":4,
  "PE1 1UU":4,
  "PE1 1UW":4,
  "PE1 1UX":4,
  "PE1 1UY":4,
  "PE1 1UZ":4,
  "PE1 1WA":1,
  "PE1 1WD":4,
  "PE1 1WG":4,
  "PE1 1WH":1,
  "PE1 1WJ":4,
  "PE1 1WL":1,
  "PE1 1WN":1,
  "PE1 1WP":1,
  "PE1 1WQ":1,
  "PE1 1WW":1,
  "PE1 1WZ":1,
  "PE1 1XA":4,
  "PE1 1XB":4,
  "PE1 1XD":4,
  "PE1 1XE":4,
  "PE1 1XF":4,
  "PE1 1XH":4,
  "PE1 1XJ":1,
  "PE1 1XL":4,
  "PE1 1XN":4,
  "PE1 1XP":4,
  "PE1 1XQ":1,
  "PE1 1XR":4,
  "PE1 1XS":4,
  "PE1 1XT":4,
  "PE1 1XU":4,
  "PE1 1XW":4,
  "PE1 1XX":4,
  "PE1 1XY":4,
  "PE1 1XZ":4,
  "PE1 1YA":4,
  "PE1 1YB":4,
  "PE1 1YD":4,
  "PE1 1YE":4,
  "PE1 1YF":4,
  "PE1 1YG":1,
  "PE1 1YH":4,
  "PE1 1YJ":4,
  "PE1 1YL":4,
  "PE1 1YN":4,
  "PE1 1YP":4,
  "PE1 1YQ":4,
  "PE1 1YR":4,
  "PE1 1YS":4,
  "PE1 1YT":1,
  "PE1 1YU":4,
  "PE1 1YW":4,
  "PE1 1YX":4,
  "PE1 1YY":4,
  "PE1 1YZ":4,
  "PE1 1ZL":1,
  "PE1 1ZR":1,
  "PE1 1ZT":1,
  "PE1 2AA":4,
  "PE1 2AB":4,
  "PE1 2AD":3,
  "PE1 2AE":3,
  "PE1 2AF":3,
  "PE1 2AG":1,
  "PE1 2AH":1,
  "PE1 2AJ":3,
  "PE1 2AL":3,
  "PE1 2AN":3,
  "PE1 2AP":3,
  "PE1 2AQ":3,
  "PE1 2AR":3,
  "PE1 2AS":3,
  "PE1 2AT":3,
  "PE1 2AU":3,
  "PE1 2AW":3,
  "PE1 2AX":3,
  "PE1 2AY":3,
  "PE1 2AZ":3,
  "PE1 2BA":4,
  "PE1 2BB":3,
  "PE1 2BD":4,
  "PE1 2BE":4,
  "PE1 2BF":4,
  "PE1 2BG":3,
  "PE1 2BH":4,
  "PE1 2BJ":4,
  "PE1 2BL":3,
  "PE1 2BN":3,
  "PE1 2BP":3,
  "PE1 2BQ":4,
  "PE1 2BS":3,
  "PE1 2BT":3,
  "PE1 2BU":3,
  "PE1 2BW":4,
  "PE1 2BX":3,
  "PE1 2BY":3,
  "PE1 2BZ":3,
  "PE1 2DA":3,
  "PE1 2DB":3,
  "PE1 2DD":3,
  "PE1 2DE":3,
  "PE1 2DF":3,
  "PE1 2DG":3,
  "PE1 2DH":3,
  "PE1 2DJ":3,
  "PE1 2DL":3,
  "PE1 2DN":3,
  "PE1 2DP":1,
  "PE1 2DQ":3,
  "PE1 2DR":3,
  "PE1 2DS":1,
  "PE1 2DT":1,
  "PE1 2DU":3,
  "PE1 2DW":4,
  "PE1 2DX":3,
  "PE1 2DY":3,
  "PE1 2DZ":1,
  "PE1 2EA":4,
  "PE1 2EB":4,
  "PE1 2ED":4,
  "PE1 2EE":4,
  "PE1 2EF":4,
  "PE1 2EG":4,
  "PE1 2EH":4,
  "PE1 2EJ":4,
  "PE1 2EL":4,
  "PE1 2EN":3,
  "PE1 2EP":4,
  "PE1 2EQ":4,
  "PE1 2ER":3,
  "PE1 2ES":1,
  "PE1 2ET":1,
  "PE1 2EU":4,
  "PE1 2EW":4,
  "PE1 2EX":1,
  "PE1 2EY":1,
  "PE1 2EZ":4,
  "PE1 2FA":4,
  "PE1 2FB":4,
  "PE1 2GA":4,
  "PE1 2GB":4,
  "PE1 2GN":1,
  "PE1 2HA":3,
  "PE1 2HB":3,
  "PE1 2HD":3,
  "PE1 2HE":3,
  "PE1 2HF":3,
  "PE1 2HG":3,
  "PE1 2HH":3,
  "PE1 2HJ":3,
  "PE1 2HL":3,
  "PE1 2HN":3,
  "PE1 2HP":3,
  "PE1 2HQ":3,
  "PE1 2HR":3,
  "PE1 2HS":2,
  "PE1 2HT":2,
  "PE1 2HU":3,
  "PE1 2HW":3,
  "PE1 2HX":3,
  "PE1 2HY":1,
  "PE1 2HZ":3,
  "PE1 2JA":3,
  "PE1 2JB":3,
  "PE1 2JD":3,
  "PE1 2JE":3,
  "PE1 2JF":3,
  "PE1 2JG":3,
  "PE1 2JH":3,
  "PE1 2JJ":3,
  "PE1 2JL":3,
  "PE1 2JN":3,
  "PE1 2JP":3,
  "PE1 2JQ":3,
  "PE1 2JR":3,
  "PE1 2JS":3,
  "PE1 2JT":3,
  "PE1 2JW":3,
  "PE1 2JX":3,
  "PE1 2JZ":3,
  "PE1 2LA":3,
  "PE1 2LB":3,
  "PE1 2LD":3,
  "PE1 2LE":3,
  "PE1 2LF":3,
  "PE1 2LG":3,
  "PE1 2LH":3,
  "PE1 2LJ":3,
  "PE1 2LL":3,
  "PE1 2LN":3,
  "PE1 2LP":3,
  "PE1 2LQ":3,
  "PE1 2LR":3,
  "PE1 2LS":3,
  "PE1 2LT":3,
  "PE1 2LU":3,
  "PE1 2LW":3,
  "PE1 2LX":3,
  "PE1 2LY":3,
  "PE1 2LZ":3,
  "PE1 2NA":3,
  "PE1 2NB":3,
  "PE1 2ND":3,
  "PE1 2NE":3,
  "PE1 2NF":3,
  "PE1 2NG":3,
  "PE1 2NH":3,
  "PE1 2NJ":3,
  "PE1 2NL":4,
  "PE1 2NN":4,
  "PE1 2NP":3,
  "PE1 2NQ":3,
  "PE1 2NR":4,
  "PE1 2NS":4,
  "PE1 2NT":4,
  "PE1 2NU":4,
  "PE1 2NW":4,
  "PE1 2NX":4,
  "PE1 2NY":4,
  "PE1 2NZ":3,
  "PE1 2PA":3,
  "PE1 2PB":3,
  "PE1 2PD":3,
  "PE1 2PE":3,
  "PE1 2PF":3,
  "PE1 2PG":3,
  "PE1 2PH":3,
  "PE1 2PJ":3,
  "PE1 2PL":3,
  "PE1 2PN":4,
  "PE1 2PP":4,
  "PE1 2PQ":6,
  "PE1 2PR":1,
  "PE1 2PS":3,
  "PE1 2PT":3,
  "PE1 2PW":4,
  "PE1 2PY":5,
  "PE1 2PZ":3,
  "PE1 2QA":4,
  "PE1 2QB":5,
  "PE1 2QD":5,
  "PE1 2QE":4,
  "PE1 2QF":4,
  "PE1 2QG":5,
  "PE1 2QH":5,
  "PE1 2QJ":5,
  "PE1 2QL":5,
  "PE1 2QN":5,
  "PE1 2QP":5,
  "PE1 2QQ":5,
  "PE1 2QR":5,
  "PE1 2QS":5,
  "PE1 2QT":5,
  "PE1 2QU":5,
  "PE1 2QW":5,
  "PE1 2QX":5,
  "PE1 2QY":5,
  "PE1 2QZ":5,
  "PE1 2RA":4,
  "PE1 2RB":4,
  "PE1 2RD":4,
  "PE1 2RE":4,
  "PE1 2RF":4,
  "PE1 2RG":4,
  "PE1 2RH":4,
  "PE1 2RJ":4,
  "PE1 2RL":4,
  "PE1 2RN":4,
  "PE1 2RP":4,
  "PE1 2RQ":4,
  "PE1 2RR":4,
  "PE1 2RS":4,
  "PE1 2RT":4,
  "PE1 2RU":4,
  "PE1 2RW":4,
  "PE1 2RX":4,
  "PE1 2RY":4,
  "PE1 2RZ":4,
  "PE1 2SA":3,
  "PE1 2SB":4,
  "PE1 2SD":4,
  "PE1 2SE":4,
  "PE1 2SF":4,
  "PE1 2SG":4,
  "PE1 2SH":4,
  "PE1 2SJ":4,
  "PE1 2SL":4,
  "PE1 2SN":4,
  "PE1 2SP":4,
  "PE1 2SQ":4,
  "PE1 2SR":4,
  "PE1 2SS":5,
  "PE1 2ST":4,
  "PE1 2SU":4,
  "PE1 2SW":4,
  "PE1 2SX":4,
  "PE1 2SY":4,
  "PE1 2SZ":4,
  "PE1 2TA":4,
  "PE1 2TB":4,
  "PE1 2TD":4,
  "PE1 2TE":4,
  "PE1 2TF":4,
  "PE1 2TG":4,
  "PE1 2TH":4,
  "PE1 2TJ":4,
  "PE1 2TL":4,
  "PE1 2TN":4,
  "PE1 2TP":4,
  "PE1 2TQ":4,
  "PE1 2TR":4,
  "PE1 2TS":4,
  "PE1 2TT":4,
  "PE1 2TU":4,
  "PE1 2TW":5,
  "PE1 2TX":4,
  "PE1 2TY":5,
  "PE1 2TZ":5,
  "PE1 2UA":5,
  "PE1 2UB":5,
  "PE1 2UD":5,
  "PE1 2UE":5,
  "PE1 2UF":5,
  "PE1 2UG":5,
  "PE1 2UH":5,
  "PE1 2UJ":5,
  "PE1 2UL":5,
  "PE1 2UN":6,
  "PE1 2UP":6,
  "PE1 2UQ":4,
  "PE1 2UR":6,
  "PE1 2US":6,
  "PE1 2UT":6,
  "PE1 2UU":5,
  "PE1 2UW":6,
  "PE1 2UX":4,
  "PE1 2UY":5,
  "PE1 2UZ":4,
  "PE1 2WA":1,
  "PE1 2WG":4,
  "PE1 2WN":1,
  "PE1 2WR":1,
  "PE1 2WS":1,
  "PE1 2WT":1,
  "PE1 2WW":4,
  "PE1 2WY":1,
  "PE1 2WZ":1,
  "PE1 2XA":5,
  "PE1 2XB":1,
  "PE1 2XD":5,
  "PE1 2XE":5,
  "PE1 2XF":1,
  "PE1 2XG":1,
  "PE1 2XH":1,
  "PE1 2XJ":5,
  "PE1 2XL":1,
  "PE1 2XN":1,
  "PE1 2XP":3,
  "PE1 2XQ":1,
  "PE1 2XR":1,
  "PE1 2XS":1,
  "PE1 2XT":1,
  "PE1 2XU":1,
  "PE1 2XW":1,
  "PE1 2XY":3,
  "PE1 2XZ":1,
  "PE1 2YA":4,
  "PE1 2YB":4,
  "PE1 2YD":4,
  "PE1 2YE":1,
  "PE1 2YF":1,
  "PE1 2YG":1,
  "PE1 2YH":1,
  "PE1 2YQ":1,
  "PE1 2YU":1,
  "PE1 2YY":3,
  "PE1 2ZU":1,
  "PE1 2ZW":1,
  "PE1 2ZY":1,
  "PE1 3AA":5,
  "PE1 3AB":6,
  "PE1 3AD":5,
  "PE1 3AE":5,
  "PE1 3AF":5,
  "PE1 3AG":5,
  "PE1 3AH":5,
  "PE1 3AJ":5,
  "PE1 3AL":5,
  "PE1 3AN":6,
  "PE1 3AP":5,
  "PE1 3AQ":5,
  "PE1 3AR":6,
  "PE1 3AS":6,
  "PE1 3AT":6,
  "PE1 3AU":6,
  "PE1 3AW":6,
  "PE1 3AX":6,
  "PE1 3AY":6,
  "PE1 3AZ":5,
  "PE1 3BA":5,
  "PE1 3BB":5,
  "PE1 3BD":6,
  "PE1 3BE":5,
  "PE1 3BF":6,
  "PE1 3BG":5,
  "PE1 3BH":5,
  "PE1 3BJ":6,
  "PE1 3BL":6,
  "PE1 3BN":6,
  "PE1 3BP":6,
  "PE1 3BQ":6,
  "PE1 3BS":3,
  "PE1 3BT":3,
  "PE1 3BU":3,
  "PE1 3BW":6,
  "PE1 3BX":5,
  "PE1 3BY":6,
  "PE1 3BZ":6,
  "PE1 3DA":6,
  "PE1 3DB":6,
  "PE1 3DD":6,
  "PE1 3DE":6,
  "PE1 3DF":6,
  "PE1 3DG":6,
  "PE1 3DH":6,
  "PE1 3DJ":6,
  "PE1 3DL":6,
  "PE1 3DN":3,
  "PE1 3DP":9,
  "PE1 3DQ":6,
  "PE1 3DR":9,
  "PE1 3DS":6,
  "PE1 3DT":9,
  "PE1 3DU":6,
  "PE1 3DW":3,
  "PE1 3DX":6,
  "PE1 3DY":6,
  "PE1 3DZ":6,
  "PE1 3EA":6,
  "PE1 3EB":6,
  "PE1 3ED":9,
  "PE1 3EE":9,
  "PE1 3EF":9,
  "PE1 3EG":9,
  "PE1 3EH":9,
  "PE1 3EJ":9,
  "PE1 3EL":9,
  "PE1 3EN":9,
  "PE1 3EP":9,
  "PE1 3EQ":9,
  "PE1 3ER":9,
  "PE1 3ES":9,
  "PE1 3ET":1,
  "PE1 3EU":6,
  "PE1 3EW":9,
  "PE1 3EX":1,
  "PE1 3EY":9,
  "PE1 3EZ":1,
  "PE1 3FB":6,
  "PE1 3FD":6,
  "PE1 3FE":6,
  "PE1 3FG":6,
  "PE1 3FP":6,
  "PE1 3FR":6,
  "PE1 3GA":9,
  "PE1 3HA":3,
  "PE1 3HB":3,
  "PE1 3HD":3,
  "PE1 3HE":3,
  "PE1 3HF":3,
  "PE1 3HG":9,
  "PE1 3HH":3,
  "PE1 3HJ":3,
  "PE1 3HL":3,
  "PE1 3HN":9,
  "PE1 3HP":9,
  "PE1 3HQ":3,
  "PE1 3HR":9,
  "PE1 3HS":9,
  "PE1 3HT":9,
  "PE1 3HU":9,
  "PE1 3HW":9,
  "PE1 3HX":9,
  "PE1 3HY":9,
  "PE1 3HZ":9,
  "PE1 3JA":9,
  "PE1 3JB":9,
  "PE1 3JD":9,
  "PE1 3JE":9,
  "PE1 3JF":9,
  "PE1 3JG":9,
  "PE1 3JH":9,
  "PE1 3JJ":9,
  "PE1 3JL":9,
  "PE1 3JN":9,
  "PE1 3JP":9,
  "PE1 3JQ":9,
  "PE1 3JR":9,
  "PE1 3JS":9,
  "PE1 3JT":9,
  "PE1 3JU":9,
  "PE1 3JW":9,
  "PE1 3JX":9,
  "PE1 3JY":9,
  "PE1 3JZ":9,
  "PE1 3LA":9,
  "PE1 3LB":9,
  "PE1 3LD":9,
  "PE1 3LE":9,
  "PE1 3LF":9,
  "PE1 3LG":9,
  "PE1 3LH":9,
  "PE1 3LJ":9,
  "PE1 3LL":9,
  "PE1 3LN":9,
  "PE1 3LP":9,
  "PE1 3LQ":9,
  "PE1 3LR":9,
  "PE1 3LS":9,
  "PE1 3LT":9,
  "PE1 3LU":9,
  "PE1 3LW":9,
  "PE1 3LX":9,
  "PE1 3LY":9,
  "PE1 3LZ":9,
  "PE1 3NA":9,
  "PE1 3ND":9,
  "PE1 3NE":9,
  "PE1 3NF":9,
  "PE1 3NG":9,
  "PE1 3NH":9,
  "PE1 3NJ":9,
  "PE1 3NL":9,
  "PE1 3NN":9,
  "PE1 3NQ":9,
  "PE1 3NR":1,
  "PE1 3NS":1,
  "PE1 3NT":1,
  "PE1 3NU":1,
  "PE1 3NX":9,
  "PE1 3NY":9,
  "PE1 3NZ":1,
  "PE1 3PA":6,
  "PE1 3PB":6,
  "PE1 3PD":6,
  "PE1 3PE":6,
  "PE1 3PF":6,
  "PE1 3PG":6,
  "PE1 3PH":6,
  "PE1 3PJ":6,
  "PE1 3PL":6,
  "PE1 3PN":6,
  "PE1 3PP":6,
  "PE1 3PQ":6,
  "PE1 3PR":6,
  "PE1 3PS":6,
  "PE1 3PT":6,
  "PE1 3PU":6,
  "PE1 3PW":6,
  "PE1 3PX":6,
  "PE1 3PY":6,
  "PE1 3PZ":9,
  "PE1 3QA":6,
  "PE1 3QB":6,
  "PE1 3QD":6,
  "PE1 3QE":6,
  "PE1 3QF":6,
  "PE1 3QG":6,
  "PE1 3QH":6,
  "PE1 3QJ":6,
  "PE1 3QL":6,
  "PE1 3QN":6,
  "PE1 3QP":6,
  "PE1 3QQ":6,
  "PE1 3QR":1,
  "PE1 3QS":9,
  "PE1 3QT":1,
  "PE1 3QU":9,
  "PE1 3QW":6,
  "PE1 3QX":9,
  "PE1 3QY":9,
  "PE1 3QZ":9,
  "PE1 3RA":6,
  "PE1 3RB":6,
  "PE1 3RD":6,
  "PE1 3RE":6,
  "PE1 3RF":6,
  "PE1 3RG":6,
  "PE1 3RJ":6,
  "PE1 3RL":9,
  "PE1 3RN":9,
  "PE1 3RP":9,
  "PE1 3RR":9,
  "PE1 3RS":9,
  "PE1 3RT":9,
  "PE1 3RW":9,
  "PE1 3RX":9,
  "PE1 3RY":9,
  "PE1 3RZ":6,
  "PE1 3SA":6,
  "PE1 3SB":9,
  "PE1 3SD":9,
  "PE1 3SE":6,
  "PE1 3SF":6,
  "PE1 3SG":6,
  "PE1 3SH":6,
  "PE1 3SJ":6,
  "PE1 3SL":6,
  "PE1 3SN":6,
  "PE1 3SP":6,
  "PE1 3SQ":6,
  "PE1 3SR":6,
  "PE1 3SS":6,
  "PE1 3ST":6,
  "PE1 3SU":6,
  "PE1 3SW":6,
  "PE1 3SX":6,
  "PE1 3SY":6,
  "PE1 3SZ":6,
  "PE1 3TA":6,
  "PE1 3TB":6,
  "PE1 3TD":6,
  "PE1 3TE":6,
  "PE1 3TF":6,
  "PE1 3TG":6,
  "PE1 3TH":6,
  "PE1 3TJ":6,
  "PE1 3TL":6,
  "PE1 3TQ":6,
  "PE1 3UA":6,
  "PE1 3UB":6,
  "PE1 3UD":6,
  "PE1 3UE":6,
  "PE1 3UF":9,
  "PE1 3UG":9,
  "PE1 3UH":9,
  "PE1 3UJ":9,
  "PE1 3UL":6,
  "PE1 3UN":6,
  "PE1 3UQ":6,
  "PE1 3WA":1,
  "PE1 3WB":6,
  "PE1 3WN":6,
  "PE1 3WW":6,
  "PE1 3WY":1,
  "PE1 3WZ":6,
  "PE1 3XA":9,
  "PE1 3XB":9,
  "PE1 3XD":9,
  "PE1 3XE":9,
  "PE1 3XF":6,
  "PE1 3XG":6,
  "PE1 3XH":9,
  "PE1 3XJ":9,
  "PE1 3XL":6,
  "PE1 3XN":9,
  "PE1 3XP":9,
  "PE1 3XQ":9,
  "PE1 3XR":9,
  "PE1 3XS":9,
  "PE1 3XT":9,
  "PE1 3XU":9,
  "PE1 3XW":9,
  "PE1 3XX":9,
  "PE1 3XY":9,
  "PE1 3XZ":9,
  "PE1 3YA":9,
  "PE1 3ZB":1,
  "PE1 3ZY":9,
  "PE1 4AA":5,
  "PE1 4AB":5,
  "PE1 4AD":5,
  "PE1 4AE":5,
  "PE1 4AF":5,
  "PE1 4AG":5,
  "PE1 4AH":5,
  "PE1 4AJ":5,
  "PE1 4AL":5,
  "PE1 4AN":5,
  "PE1 4AP":5,
  "PE1 4AQ":5,
  "PE1 4AR":5,
  "PE1 4AS":5,
  "PE1 4AT":1,
  "PE1 4AU":5,
  "PE1 4AW":5,
  "PE1 4AX":5,
  "PE1 4AY":5,
  "PE1 4AZ":1,
  "PE1 4BA":5,
  "PE1 4BB":5,
  "PE1 4BD":5,
  "PE1 4BE":5,
  "PE1 4BF":6,
  "PE1 4BG":6,
  "PE1 4BH":5,
  "PE1 4BJ":5,
  "PE1 4BL":5,
  "PE1 4BN":6,
  "PE1 4BP":5,
  "PE1 4BQ":1,
  "PE1 4BS":1,
  "PE1 4BT":5,
  "PE1 4BU":1,
  "PE1 4BW":1,
  "PE1 4BX":5,
  "PE1 4BY":5,
  "PE1 4BZ":1,
  "PE1 4DA":5,
  "PE1 4DB":5,
  "PE1 4DD":5,
  "PE1 4DE":5,
  "PE1 4DF":5,
  "PE1 4DG":5,
  "PE1 4DH":5,
  "PE1 4DJ":5,
  "PE1 4DL":5,
  "PE1 4DN":5,
  "PE1 4DP":5,
  "PE1 4DQ":5,
  "PE1 4DR":5,
  "PE1 4DS":5,
  "PE1 4DT":5,
  "PE1 4DU":5,
  "PE1 4DW":5,
  "PE1 4DX":5,
  "PE1 4DY":5,
  "PE1 4DZ":6,
  "PE1 4EA":6,
  "PE1 4EB":6,
  "PE1 4ED":6,
  "PE1 4EE":6,
  "PE1 4EF":5,
  "PE1 4EG":6,
  "PE1 4EH":6,
  "PE1 4EJ":6,
  "PE1 4EL":6,
  "PE1 4EN":6,
  "PE1 4EP":6,
  "PE1 4EQ":6,
  "PE1 4ER":6,
  "PE1 4ES":6,
  "PE1 4ET":6,
  "PE1 4EU":6,
  "PE1 4EW":6,
  "PE1 4EX":6,
  "PE1 4EY":6,
  "PE1 4EZ":6,
  "PE1 4FA":1,
  "PE1 4FB":1,
  "PE1 4FD":1,
  "PE1 4FE":1,
  "PE1 4FF":1,
  "PE1 4FG":1,
  "PE1 4FH":6,
  "PE1 4FJ":1,
  "PE1 4FL":1,
  "PE1 4FN":1,
  "PE1 4FP":1,
  "PE1 4FQ":1,
  "PE1 4FR":5,
  "PE1 4FS":6,
  "PE1 4FW":1,
  "PE1 4HA":6,
  "PE1 4HB":6,
  "PE1 4HD":6,
  "PE1 4HE":6,
  "PE1 4HF":1,
  "PE1 4HG":6,
  "PE1 4HH":6,
  "PE1 4HJ":6,
  "PE1 4HL":6,
  "PE1 4HN":6,
  "PE1 4HP":6,
  "PE1 4HQ":6,
  "PE1 4HR":6,
  "PE1 4HS":6,
  "PE1 4HT":6,
  "PE1 4HU":6,
  "PE1 4HW":6,
  "PE1 4HX":6,
  "PE1 4HY":6,
  "PE1 4HZ":6,
  "PE1 4JA":6,
  "PE1 4JB":6,
  "PE1 4JD":6,
  "PE1 4JF":6,
  "PE1 4JG":1,
  "PE1 4JH":6,
  "PE1 4JJ":6,
  "PE1 4JL":6,
  "PE1 4JN":6,
  "PE1 4JP":6,
  "PE1 4JR":6,
  "PE1 4JS":6,
  "PE1 4JT":6,
  "PE1 4JU":6,
  "PE1 4JW":6,
  "PE1 4JX":6,
  "PE1 4JY":6,
  "PE1 4JZ":6,
  "PE1 4LA":6,
  "PE1 4LB":6,
  "PE1 4LF":6,
  "PE1 4LH":6,
  "PE1 4LJ":6,
  "PE1 4LL":6,
  "PE1 4LN":6,
  "PE1 4LP":6,
  "PE1 4LR":6,
  "PE1 4LS":6,
  "PE1 4LT":6,
  "PE1 4LU":6,
  "PE1 4LW":6,
  "PE1 4LX":6,
  "PE1 4LY":6,
  "PE1 4LZ":6,
  "PE1 4NA":6,
  "PE1 4NB":5,
  "PE1 4NE":6,
  "PE1 4NF":6,
  "PE1 4NG":6,
  "PE1 4NH":6,
  "PE1 4NJ":6,
  "PE1 4NL":6,
  "PE1 4NP":6,
  "PE1 4NQ":6,
  "PE1 4NR":6,
  "PE1 4NS":6,
  "PE1 4NT":6,
  "PE1 4NU":6,
  "PE1 4NX":6,
  "PE1 4NZ":6,
  "PE1 4PA":6,
  "PE1 4PB":6,
  "PE1 4PD":6,
  "PE1 4PE":6,
  "PE1 4PF":6,
  "PE1 4PG":6,
  "PE1 4PH":6,
  "PE1 4PJ":6,
  "PE1 4PL":6,
  "PE1 4PN":6,
  "PE1 4PP":6,
  "PE1 4PQ":6,
  "PE1 4PR":6,
  "PE1 4PS":6,
  "PE1 4PT":6,
  "PE1 4PU":6,
  "PE1 4PW":6,
  "PE1 4PX":6,
  "PE1 4PY":6,
  "PE1 4PZ":6,
  "PE1 4QA":6,
  "PE1 4QB":6,
  "PE1 4QD":6,
  "PE1 4QE":6,
  "PE1 4QF":6,
  "PE1 4QG":6,
  "PE1 4QH":6,
  "PE1 4QJ":6,
  "PE1 4QL":6,
  "PE1 4QN":6,
  "PE1 4QP":6,
  "PE1 4QQ":6,
  "PE1 4QR":5,
  "PE1 4QS":6,
  "PE1 4QT":6,
  "PE1 4QU":6,
  "PE1 4QW":5,
  "PE1 4RA":5,
  "PE1 4RB":5,
  "PE1 4RD":6,
  "PE1 4RE":6,
  "PE1 4RF":6,
  "PE1 4RG":6,
  "PE1 4RH":6,
  "PE1 4RJ":6,
  "PE1 4RL":6,
  "PE1 4RN":6,
  "PE1 4RP":6,
  "PE1 4RQ":6,
  "PE1 4RR":6,
  "PE1 4RS":6,
  "PE1 4RT":6,
  "PE1 4RU":6,
  "PE1 4RW":6,
  "PE1 4RX":6,
  "PE1 4RY":6,
  "PE1 4RZ":5,
  "PE1 4SA":6,
  "PE1 4SB":6,
  "PE1 4SD":6,
  "PE1 4SE":6,
  "PE1 4SF":6,
  "PE1 4SG":6,
  "PE1 4SH":6,
  "PE1 4SJ":6,
  "PE1 4SL":6,
  "PE1 4SN":6,
  "PE1 4SP":6,
  "PE1 4SQ":6,
  "PE1 4SR":6,
  "PE1 4SS":6,
  "PE1 4ST":1,
  "PE1 4SU":6,
  "PE1 4SW":6,
  "PE1 4SX":6,
  "PE1 4SY":6,
  "PE1 4SZ":6,
  "PE1 4TA":6,
  "PE1 4TB":6,
  "PE1 4TD":6,
  "PE1 4TE":6,
  "PE1 4TF":6,
  "PE1 4TG":6,
  "PE1 4TH":6,
  "PE1 4TJ":6,
  "PE1 4TL":6,
  "PE1 4TN":6,
  "PE1 4TP":6,
  "PE1 4TQ":6,
  "PE1 4TR":6,
  "PE1 4TS":6,
  "PE1 4TT":6,
  "PE1 4TU":6,
  "PE1 4TW":6,
  "PE1 4TX":6,
  "PE1 4TY":6,
  "PE1 4TZ":6,
  "PE1 4UA":6,
  "PE1 4UB":6,
  "PE1 4UD":6,
  "PE1 4UE":6,
  "PE1 4UF":6,
  "PE1 4UG":6,
  "PE1 4UH":6,
  "PE1 4UJ":6,
  "PE1 4UL":6,
  "PE1 4UN":6,
  "PE1 4UP":6,
  "PE1 4UQ":6,
  "PE1 4UR":6,
  "PE1 4UT":6,
  "PE1 4UU":6,
  "PE1 4UW":6,
  "PE1 4UX":6,
  "PE1 4UY":6,
  "PE1 4UZ":1,
  "PE1 4WA":1,
  "PE1 4WB":1,
  "PE1 4WQ":1,
  "PE1 4WU":1,
  "PE1 4WY":1,
  "PE1 4WZ":1,
  "PE1 4XA":6,
  "PE1 4XB":6,
  "PE1 4XD":6,
  "PE1 4XE":6,
  "PE1 4XF":1,
  "PE1 4XG":1,
  "PE1 4XH":6,
  "PE1 4XJ":6,
  "PE1 4XL":6,
  "PE1 4XN":6,
  "PE1 4XP":1,
  "PE1 4XQ":6,
  "PE1 4XR":1,
  "PE1 4XS":1,
  "PE1 4XT":6,
  "PE1 4XU":1,
  "PE1 4XW":6,
  "PE1 4XX":6,
  "PE1 4XY":6,
  "PE1 4XZ":6,
  "PE1 4YA":6,
  "PE1 4YB":6,
  "PE1 4YD":6,
  "PE1 4YE":6,
  "PE1 4YF":6,
  "PE1 4YG":6,
  "PE1 4YH":6,
  "PE1 4YJ":6,
  "PE1 4YL":6,
  "PE1 4YN":6,
  "PE1 4YP":6,
  "PE1 4YQ":6,
  "PE1 4YR":5,
  "PE1 4YS":5,
  "PE1 4YT":6,
  "PE1 4YU":5,
  "PE1 4YW":1,
  "PE1 4YY":5,
  "PE1 4YZ":6,
  "PE1 4ZP":1,
  "PE1 4ZR":1,
  "PE1 4ZS":1,
  "PE1 4ZT":1,
  "PE1 4ZU":1,
  "PE1 4ZW":1,
  "PE1 4ZY":1,
  "PE1 5AA":5,
  "PE1 5AD":1,
  "PE1 5AE":5,
  "PE1 5AF":5,
  "PE1 5AG":5,
  "PE1 5AH":5,
  "PE1 5AJ":5,
  "PE1 5AL":5,
  "PE1 5AN":5,
  "PE1 5AP":5,
  "PE1 5AQ":5,
  "PE1 5AR":5,
  "PE1 5AS":5,
  "PE1 5AT":5,
  "PE1 5AU":5,
  "PE1 5AW":5,
  "PE1 5AX":4,
  "PE1 5AY":5,
  "PE1 5AZ":5,
  "PE1 5BA":5,
  "PE1 5BB":5,
  "PE1 5BD":5,
  "PE1 5BE":5,
  "PE1 5BF":5,
  "PE1 5BG":5,
  "PE1 5BH":5,
  "PE1 5BJ":5,
  "PE1 5BL":5,
  "PE1 5BN":5,
  "PE1 5BP":5,
  "PE1 5BQ":5,
  "PE1 5BS":5,
  "PE1 5BT":5,
  "PE1 5BU":5,
  "PE1 5BW":4,
  "PE1 5BX":5,
  "PE1 5BY":5,
  "PE1 5BZ":5,
  "PE1 5DA":4,
  "PE1 5DB":4,
  "PE1 5DD":4,
  "PE1 5DE":5,
  "PE1 5DF":5,
  "PE1 5DG":4,
  "PE1 5DH":4,
  "PE1 5DJ":4,
  "PE1 5DL":4,
  "PE1 5DN":4,
  "PE1 5DP":5,
  "PE1 5DQ":4,
  "PE1 5DR":5,
  "PE1 5DS":5,
  "PE1 5DT":5,
  "PE1 5DU":5,
  "PE1 5DW":4,
  "PE1 5DX":5,
  "PE1 5DY":5,
  "PE1 5DZ":5,
  "PE1 5EA":5,
  "PE1 5EB":5,
  "PE1 5ED":5,
  "PE1 5EE":5,
  "PE1 5EF":5,
  "PE1 5EG":5,
  "PE1 5EH":5,
  "PE1 5EJ":5,
  "PE1 5EL":5,
  "PE1 5EN":5,
  "PE1 5EP":5,
  "PE1 5EQ":5,
  "PE1 5ER":5,
  "PE1 5ES":5,
  "PE1 5ET":5,
  "PE1 5EU":5,
  "PE1 5EW":5,
  "PE1 5EX":5,
  "PE1 5EY":5,
  "PE1 5EZ":5,
  "PE1 5FA":5,
  "PE1 5FH":5,
  "PE1 5FL":5,
  "PE1 5FN":1,
  "PE1 5FP":1,
  "PE1 5FQ":5,
  "PE1 5FR":5,
  "PE1 5FS":5,
  "PE1 5FW":1,
  "PE1 5GA":5,
  "PE1 5GD":5,
  "PE1 5GE":5,
  "PE1 5GW":5,
  "PE1 5GX":5,
  "PE1 5GY":5,
  "PE1 5GZ":5,
  "PE1 5HA":5,
  "PE1 5HB":5,
  "PE1 5HD":5,
  "PE1 5HE":5,
  "PE1 5HF":5,
  "PE1 5HG":5,
  "PE1 5HH":5,
  "PE1 5HJ":5,
  "PE1 5HL":5,
  "PE1 5HN":5,
  "PE1 5HP":5,
  "PE1 5HQ":5,
  "PE1 5HR":5,
  "PE1 5HS":5,
  "PE1 5HT":5,
  "PE1 5HU":4,
  "PE1 5HW":5,
  "PE1 5HX":4,
  "PE1 5HY":5,
  "PE1 5HZ":5,
  "PE1 5JA":5,
  "PE1 5JB":5,
  "PE1 5JD":5,
  "PE1 5JE":5,
  "PE1 5JF":5,
  "PE1 5JG":5,
  "PE1 5JH":5,
  "PE1 5JJ":5,
  "PE1 5JL":5,
  "PE1 5JN":5,
  "PE1 5JP":5,
  "PE1 5JQ":5,
  "PE1 5JR":5,
  "PE1 5JS":5,
  "PE1 5JT":5,
  "PE1 5JU":5,
  "PE1 5JW":5,
  "PE1 5JX":5,
  "PE1 5JY":5,
  "PE1 5JZ":5,
  "PE1 5LA":5,
  "PE1 5LB":5,
  "PE1 5LD":5,
  "PE1 5LE":5,
  "PE1 5LF":5,
  "PE1 5LG":5,
  "PE1 5LH":5,
  "PE1 5LJ":5,
  "PE1 5LL":5,
  "PE1 5LN":5,
  "PE1 5LP":6,
  "PE1 5LQ":5,
  "PE1 5LR":5,
  "PE1 5LS":5,
  "PE1 5LT":5,
  "PE1 5LU":6,
  "PE1 5LW":5,
  "PE1 5LX":5,
  "PE1 5LY":6,
  "PE1 5LZ":6,
  "PE1 5NA":1,
  "PE1 5NB":7,
  "PE1 5ND":6,
  "PE1 5NE":6,
  "PE1 5NF":5,
  "PE1 5NG":6,
  "PE1 5NH":5,
  "PE1 5NJ":6,
  "PE1 5NL":5,
  "PE1 5NN":5,
  "PE1 5NP":5,
  "PE1 5NQ":6,
  "PE1 5NR":5,
  "PE1 5NS":5,
  "PE1 5NT":5,
  "PE1 5NU":5,
  "PE1 5NW":5,
  "PE1 5NX":6,
  "PE1 5NY":6,
  "PE1 5NZ":6,
  "PE1 5PA":5,
  "PE1 5PB":5,
  "PE1 5PD":5,
  "PE1 5PE":5,
  "PE1 5PF":5,
  "PE1 5PG":5,
  "PE1 5PH":6,
  "PE1 5PJ":5,
  "PE1 5PL":5,
  "PE1 5PN":6,
  "PE1 5PP":5,
  "PE1 5PQ":5,
  "PE1 5PR":5,
  "PE1 5PS":5,
  "PE1 5PT":5,
  "PE1 5PU":6,
  "PE1 5PW":5,
  "PE1 5PX":6,
  "PE1 5PY":6,
  "PE1 5PZ":5,
  "PE1 5QA":5,
  "PE1 5QD":5,
  "PE1 5QE":5,
  "PE1 5QF":5,
  "PE1 5QG":5,
  "PE1 5QH":5,
  "PE1 5QJ":5,
  "PE1 5QL":1,
  "PE1 5QN":5,
  "PE1 5QP":5,
  "PE1 5QQ":1,
  "PE1 5QR":5,
  "PE1 5QS":5,
  "PE1 5QT":5,
  "PE1 5QU":5,
  "PE1 5QW":1,
  "PE1 5QX":5,
  "PE1 5QY":5,
  "PE1 5QZ":5,
  "PE1 5RA":5,
  "PE1 5RB":1,
  "PE1 5RD":5,
  "PE1 5RE":1,
  "PE1 5RF":1,
  "PE1 5RG":5,
  "PE1 5RH":5,
  "PE1 5RJ":1,
  "PE1 5RL":1,
  "PE1 5RN":5,
  "PE1 5RP":5,
  "PE1 5RQ":6,
  "PE1 5RR":6,
  "PE1 5RS":1,
  "PE1 5RT":1,
  "PE1 5RU":5,
  "PE1 5RW":5,
  "PE1 5RX":6,
  "PE1 5RY":6,
  "PE1 5RZ":1,
  "PE1 5SB":5,
  "PE1 5SD":1,
  "PE1 5SE":1,
  "PE1 5SF":1,
  "PE1 5SG":1,
  "PE1 5SH":1,
  "PE1 5SJ":5,
  "PE1 5SL":5,
  "PE1 5SN":1,
  "PE1 5SR":5,
  "PE1 5SU":5,
  "PE1 5SW":5,
  "PE1 5SX":5,
  "PE1 5SY":5,
  "PE1 5SZ":1,
  "PE1 5TA":5,
  "PE1 5TB":5,
  "PE1 5TD":5,
  "PE1 5TE":5,
  "PE1 5TF":5,
  "PE1 5TG":5,
  "PE1 5TH":5,
  "PE1 5TJ":5,
  "PE1 5TL":5,
  "PE1 5TN":5,
  "PE1 5TP":5,
  "PE1 5TQ":5,
  "PE1 5TR":5,
  "PE1 5TS":5,
  "PE1 5TT":5,
  "PE1 5TU":5,
  "PE1 5TW":5,
  "PE1 5TX":5,
  "PE1 5TY":5,
  "PE1 5TZ":6,
  "PE1 5UA":5,
  "PE1 5UB":5,
  "PE1 5UD":5,
  "PE1 5UE":5,
  "PE1 5UF":5,
  "PE1 5UG":5,
  "PE1 5UH":5,
  "PE1 5UJ":5,
  "PE1 5UL":5,
  "PE1 5UN":5,
  "PE1 5UP":5,
  "PE1 5UQ":5,
  "PE1 5UR":5,
  "PE1 5UT":5,
  "PE1 5UU":5,
  "PE1 5UW":5,
  "PE1 5UX":5,
  "PE1 5UY":5,
  "PE1 5UZ":5,
  "PE1 5WA":5,
  "PE1 5WB":5,
  "PE1 5WD":1,
  "PE1 5WE":5,
  "PE1 5WG":5,
  "PE1 5WH":1,
  "PE1 5WJ":5,
  "PE1 5WP":1,
  "PE1 5WS":5,
  "PE1 5WT":1,
  "PE1 5WU":1,
  "PE1 5WW":1,
  "PE1 5WX":1,
  "PE1 5WY":1,
  "PE1 5WZ":1,
  "PE1 5XA":5,
  "PE1 5XB":5,
  "PE1 5XD":5,
  "PE1 5XE":5,
  "PE1 5XF":5,
  "PE1 5XG":5,
  "PE1 5XH":5,
  "PE1 5XJ":5,
  "PE1 5XL":5,
  "PE1 5XN":5,
  "PE1 5XP":5,
  "PE1 5XQ":5,
  "PE1 5XR":5,
  "PE1 5XS":5,
  "PE1 5XT":5,
  "PE1 5XU":5,
  "PE1 5XW":5,
  "PE1 5XX":5,
  "PE1 5XY":5,
  "PE1 5XZ":5,
  "PE1 5YA":5,
  "PE1 5YB":5,
  "PE1 5YD":5,
  "PE1 5YE":1,
  "PE1 5YF":5,
  "PE1 5YG":5,
  "PE1 5YH":5,
  "PE1 5YJ":6,
  "PE1 5YL":6,
  "PE1 5YN":6,
  "PE1 5YP":7,
  "PE1 5YQ":5,
  "PE1 5YR":7,
  "PE1 5YS":5,
  "PE1 5YU":6,
  "PE1 5YW":7,
  "PE1 5YX":5,
  "PE1 5YY":1,
  "PE1 5YZ":5,
  "PE1 5ZE":5,
  "PE1 5ZR":1,
  "PE1 5ZW":5,
  "PE1 6HT":5,
  "PE1 9AA":1,
  "PE1 9AB":1,
  "PE1 9AD":1,
  "PE1 9AE":1,
  "PE1 9AF":1,
  "PE1 9AG":1,
  "PE1 9AH":1,
  "PE1 9AJ":1,
  "PE1 9AL":1,
  "PE1 9AN":1,
  "PE1 9AP":1,
  "PE1 9AQ":1,
  "PE1 9AR":1,
  "PE1 9AS":1,
  "PE1 9AT":1,
  "PE1 9AU":1,
  "PE1 9AW":1,
  "PE1 9AX":1,
  "PE1 9AY":1,
  "PE1 9AZ":1,
  "PE1 9BA":1,
  "PE1 9BB":1,
  "PE1 9BD":1,
  "PE1 9BE":1,
  "PE1 9BF":1,
  "PE1 9BG":1,
  "PE1 9BH":1,
  "PE1 9BJ":1,
  "PE1 9BL":1,
  "PE1 9BN":1,
  "PE1 9BP":1,
  "PE1 9BQ":1,
  "PE1 9BR":1,
  "PE1 9BS":1,
  "PE1 9BT":1,
  "PE1 9BU":1,
  "PE1 9BW":1,
  "PE1 9BX":1,
  "PE1 9BY":1,
  "PE1 9BZ":1,
  "PE1 9DA":1,
  "PE1 9DB":1,
  "PE1 9DD":1,
  "PE1 9DE":1,
  "PE1 9DF":1,
  "PE1 9DH":1,
  "PE1 9DJ":1,
  "PE1 9DL":1,
  "PE1 9DP":1,
  "PE1 9DQ":1,
  "PE1 9DR":1,
  "PE1 9DS":1,
  "PE1 9DT":1,
  "PE1 9DU":1,
  "PE1 9DW":1,
  "PE1 9DX":1,
  "PE1 9DY":1,
  "PE1 9DZ":1,
  "PE1 9EA":1,
  "PE1 9EB":1,
  "PE1 9ED":1,
  "PE1 9EE":1,
  "PE1 9EF":1,
  "PE1 9EG":1,
  "PE1 9EH":1,
  "PE1 9EJ":1,
  "PE1 9EL":1,
  "PE1 9EP":1,
  "PE1 9EQ":1,
  "PE1 9ER":1,
  "PE1 9ES":1,
  "PE1 9ET":1,
  "PE1 9EU":1,
  "PE1 9EW":1,
  "PE1 9EX":1,
  "PE1 9EY":1,
  "PE1 9EZ":1,
  "PE1 9FA":1,
  "PE1 9FB":1,
  "PE1 9FD":1,
  "PE1 9FE":1,
  "PE1 9FF":1,
  "PE1 9FG":1,
  "PE1 9FH":1,
  "PE1 9FJ":1,
  "PE1 9FL":1,
  "PE1 9FN":1,
  "PE1 9FP":1,
  "PE1 9FQ":1,
  "PE1 9FR":1,
  "PE1 9FS":1,
  "PE1 9FT":1,
  "PE1 9FU":1,
  "PE1 9FW":1,
  "PE1 9FX":1,
  "PE1 9FY":1,
  "PE1 9FZ":1,
  "PE1 9GA":1,
  "PE1 9GB":1,
  "PE1 9GD":1,
  "PE1 9GE":1,
  "PE1 9GF":1,
  "PE1 9GG":1,
  "PE1 9GH":1,
  "PE1 9GJ":1,
  "PE1 9GL":1,
  "PE1 9GN":1,
  "PE1 9GP":1,
  "PE1 9GQ":1,
  "PE1 9GR":1,
  "PE1 9GS":1,
  "PE1 9GT":1,
  "PE1 9GW":1,
  "PE1 9GX":1,
  "PE1 9GY":1,
  "PE1 9GZ":1,
  "PE1 9HA":1,
  "PE1 9HB":1,
  "PE1 9HD":1,
  "PE1 9HE":1,
  "PE1 9HF":1,
  "PE1 9HG":1,
  "PE1 9HH":1,
  "PE1 9HJ":1,
  "PE1 9HL":1,
  "PE1 9HN":1,
  "PE1 9HP":1,
  "PE1 9HQ":1,
  "PE1 9HR":1,
  "PE1 9HS":1,
  "PE1 9HT":1,
  "PE1 9HU":1,
  "PE1 9HW":1,
  "PE1 9HX":1,
  "PE1 9HY":1,
  "PE1 9HZ":1,
  "PE1 9JA":1,
  "PE1 9JB":1,
  "PE1 9JD":1,
  "PE1 9JE":1,
  "PE1 9JF":1,
  "PE1 9JG":1,
  "PE1 9JH":1,
  "PE1 9JJ":1,
  "PE1 9JL":1,
  "PE1 9JN":1,
  "PE1 9JP":1,
  "PE1 9JQ":1,
  "PE1 9JR":1,
  "PE1 9JS":1,
  "PE1 9JT":1,
  "PE1 9JW":1,
  "PE1 9JX":1,
  "PE1 9JY":1,
  "PE1 9JZ":1,
  "PE1 9LA":1,
  "PE1 9LB":1,
  "PE1 9LD":1,
  "PE1 9LE":1,
  "PE1 9LF":1,
  "PE1 9LJ":1,
  "PE1 9LL":1,
  "PE1 9LN":1,
  "PE1 9LP":1,
  "PE1 9LQ":1,
  "PE1 9LR":1,
  "PE1 9LS":1,
  "PE1 9LT":1,
  "PE1 9LU":1,
  "PE1 9LW":1,
  "PE1 9LX":1,
  "PE1 9LY":1,
  "PE1 9LZ":1,
  "PE1 9NA":1,
  "PE1 9NB":1,
  "PE1 9ND":1,
  "PE1 9NE":1,
  "PE1 9NF":1,
  "PE1 9NG":1,
  "PE1 9NH":1,
  "PE1 9NJ":1,
  "PE1 9NL":1,
  "PE1 9NN":1,
  "PE1 9NP":1,
  "PE1 9NQ":1,
  "PE1 9NR":1,
  "PE1 9NS":1,
  "PE1 9NT":1,
  "PE1 9NU":1,
  "PE1 9NW":1,
  "PE1 9NX":1,
  "PE1 9NY":1,
  "PE1 9NZ":1,
  "PE1 9PA":1,
  "PE1 9PB":1,
  "PE1 9PD":1,
  "PE1 9PE":1,
  "PE1 9PF":1,
  "PE1 9PG":1,
  "PE1 9PH":1,
  "PE1 9PJ":1,
  "PE1 9PL":1,
  "PE1 9PN":1,
  "PE1 9PP":1,
  "PE1 9PQ":1,
  "PE1 9PR":1,
  "PE1 9PS":1,
  "PE1 9PT":1,
  "PE1 9PU":1,
  "PE1 9PW":1,
  "PE1 9PX":1,
  "PE1 9PY":1,
  "PE1 9PZ":1,
  "PE1 9QA":1,
  "PE1 9QB":1,
  "PE1 9QD":1,
  "PE1 9QE":1,
  "PE1 9QF":1,
  "PE1 9QG":1,
  "PE1 9QH":1,
  "PE1 9QJ":1,
  "PE1 9QL":1,
  "PE1 9QN":1,
  "PE1 9QP":1,
  "PE1 9QQ":1,
  "PE1 9QR":1,
  "PE1 9QS":1,
  "PE1 9QT":1,
  "PE1 9QU":1,
  "PE1 9QW":1,
  "PE1 9QX":1,
  "PE1 9QY":1,
  "PE1 9QZ":1,
  "PE1 9RA":1,
  "PE1 9RB":1,
  "PE1 9RD":1,
  "PE1 9RE":1,
  "PE1 9RF":1,
  "PE1 9RG":1,
  "PE1 9RH":1,
  "PE1 9RJ":1,
  "PE1 9RL":1,
  "PE1 9RN":1,
  "PE1 9RP":1,
  "PE1 9RQ":1,
  "PE1 9RR":1,
  "PE1 9RS":1,
  "PE1 9RT":1,
  "PE1 9RU":1,
  "PE1 9RW":1,
  "PE1 9RX":1,
  "PE1 9RY":1,
  "PE1 9RZ":1,
  "PE1 9SA":4,
  "PE1 9SB":4,
  "PE1 9SD":4,
  "PE1 9SE":4,
  "PE1 9SF":4,
  "PE1 9SG":4,
  "PE1 9SH":4,
  "PE1 9SJ":4,
  "PE1 9SL":4,
  "PE1 9SN":4,
  "PE1 9SP":4,
  "PE1 9SQ":4,
  "PE1 9SR":4,
  "PE1 9SS":4,
  "PE1 9ST":4,
  "PE1 9SU":4,
  "PE1 9SW":4,
  "PE1 9SX":4,
  "PE1 9SY":4,
  "PE1 9SZ":4,
  "PE1 9TA":4,
  "PE1 9TB":4,
  "PE1 9TD":4,
  "PE1 9TE":4,
  "PE1 9TF":4,
  "PE1 9TG":4,
  "PE1 9TH":4,
  "PE1 9TQ":4,
  "PE1 9TR":4,
  "PE1 9TS":4,
  "PE1 9TT":4,
  "PE1 9TU":4,
  "PE1 9TW":4,
  "PE1 9TX":4,
  "PE1 9TY":4,
  "PE1 9TZ":4,
  "PE1 9UA":4,
  "PE1 9UB":4,
  "PE1 9UD":4,
  "PE1 9UE":4,
  "PE1 9UF":4,
  "PE1 9UG":1,
  "PE1 9UH":1,
  "PE1 9UJ":1,
  "PE1 9UL":1,
  "PE1 9UN":1,
  "PE1 9UP":1,
  "PE1 9UQ":1,
  "PE1 9UR":1,
  "PE1 9US":1,
  "PE1 9UT":1,
  "PE1 9UU":1,
  "PE1 9UW":1,
  "PE1 9UX":1,
  "PE1 9UY":1,
  "PE1 9UZ":1,
  "PE1 9WA":1,
  "PE1 9WB":1,
  "PE1 9WD":1,
  "PE1 9WE":1,
  "PE1 9WF":1,
  "PE1 9WG":1,
  "PE1 9WH":1,
  "PE1 9WJ":1,
  "PE1 9WL":1,
  "PE1 9WN":1,
  "PE1 9ZZ":1,
  "PE13 4AY":8,
  "PE2 2AA":1,
  "PE2 2AB":1,
  "PE2 2AD":1,
  "PE2 2AE":1,
  "PE2 2AF":1,
  "PE2 2AG":1,
  "PE2 2AH":1,
  "PE2 2AJ":1,
  "PE2 2AL":1,
  "PE2 2AN":1,
  "PE2 2AP":1,
  "PE2 2AQ":1,
  "PE2 2AR":1,
  "PE2 2AS":1,
  "PE2 2AT":1,
  "PE2 2AU":1,
  "PE2 2AW":1,
  "PE2 2AX":1,
  "PE2 2AY":1,
  "PE2 2AZ":1,
  "PE2 2BA":1,
  "PE2 2BB":1,
  "PE2 2BD":1,
  "PE2 2BE":1,
  "PE2 2BF":1,
  "PE2 2BG":1,
  "PE2 2BH":1,
  "PE2 2BJ":1,
  "PE2 2BL":1,
  "PE2 2BN":1,
  "PE2 2BP":1,
  "PE2 2BQ":1,
  "PE2 2BR":1,
  "PE2 2BS":1,
  "PE2 2BT":1,
  "PE2 2BU":1,
  "PE2 2BW":1,
  "PE2 2BX":1,
  "PE2 2BY":1,
  "PE2 2BZ":1,
  "PE2 2DA":1,
  "PE2 2DB":1,
  "PE2 2DD":1,
  "PE2 2DE":1,
  "PE2 2DF":1,
  "PE2 2DG":1,
  "PE2 2DH":1,
  "PE2 2DJ":1,
  "PE2 2DL":1,
  "PE2 2DN":1,
  "PE2 2DP":1,
  "PE2 2DQ":1,
  "PE2 2DR":1,
  "PE2 2DS":1,
  "PE2 2DT":1,
  "PE2 2DU":1,
  "PE2 2DW":1,
  "PE2 2DX":1,
  "PE2 2DY":1,
  "PE2 2DZ":1,
  "PE2 2EA":1,
  "PE2 2EB":1,
  "PE2 2ED":1,
  "PE2 2EE":1,
  "PE2 2EF":1,
  "PE2 2EG":1,
  "PE2 2EH":1,
  "PE2 2EJ":1,
  "PE2 2EL":1,
  "PE2 2EN":1,
  "PE2 2EP":1,
  "PE2 2EQ":1,
  "PE2 2ER":1,
  "PE2 2ES":1,
  "PE2 2EU":1,
  "PE2 2EW":1,
  "PE2 2EX":1,
  "PE2 2EY":1,
  "PE2 2EZ":1,
  "PE2 2FA":1,
  "PE2 2FB":1,
  "PE2 2FD":1,
  "PE2 2FE":1,
  "PE2 2FF":1,
  "PE2 2FG":1,
  "PE2 2FH":1,
  "PE2 2FJ":1,
  "PE2 2FL":1,
  "PE2 2FN":1,
  "PE2 2FP":1,
  "PE2 2FQ":1,
  "PE2 2FR":1,
  "PE2 2FS":1,
  "PE2 2FT":1,
  "PE2 2FU":1,
  "PE2 2FW":1,
  "PE2 2FX":1,
  "PE2 2FY":1,
  "PE2 2FZ":1,
  "PE2 2GA":1,
  "PE2 2GB":1,
  "PE2 2GD":1,
  "PE2 2GF":1,
  "PE2 2GG":1,
  "PE2 2GH":1,
  "PE2 2GJ":1,
  "PE2 2GL":1,
  "PE2 2GN":1,
  "PE2 2GP":1,
  "PE2 2GQ":1,
  "PE2 2GR":1,
  "PE2 2GS":1,
  "PE2 2GT":1,
  "PE2 2GU":1,
  "PE2 2GX":1,
  "PE2 2GY":1,
  "PE2 2GZ":1,
  "PE2 2HA":1,
  "PE2 2HB":1,
  "PE2 2HD":1,
  "PE2 2HE":1,
  "PE2 2HF":1,
  "PE2 2HG":1,
  "PE2 2HH":1,
  "PE2 2HJ":1,
  "PE2 2HL":1,
  "PE2 2HN":1,
  "PE2 2HP":1,
  "PE2 2HQ":1,
  "PE2 2HR":1,
  "PE2 2HS":1,
  "PE2 2HT":1,
  "PE2 2HU":1,
  "PE2 2HW":1,
  "PE2 2HX":1,
  "PE2 2HY":1,
  "PE2 2HZ":1,
  "PE2 2JA":1,
  "PE2 2JB":1,
  "PE2 2JD":1,
  "PE2 2JE":1,
  "PE2 2JF":1,
  "PE2 2JG":1,
  "PE2 2JH":1,
  "PE2 2JJ":1,
  "PE2 2JL":1,
  "PE2 2JN":1,
  "PE2 2JP":1,
  "PE2 2JQ":1,
  "PE2 2JR":1,
  "PE2 2JS":1,
  "PE2 2JT":1,
  "PE2 2JU":1,
  "PE2 2JW":1,
  "PE2 2JX":1,
  "PE2 2JY":1,
  "PE2 2LA":1,
  "PE2 2LB":1,
  "PE2 2LD":1,
  "PE2 2LF":1,
  "PE2 2LG":1,
  "PE2 2LH":1,
  "PE2 2LJ":1,
  "PE2 2LL":1,
  "PE2 2LN":1,
  "PE2 2LP":1,
  "PE2 2LQ":1,
  "PE2 2LR":1,
  "PE2 2LS":1,
  "PE2 2LT":1,
  "PE2 2LU":1,
  "PE2 2LW":1,
  "PE2 2LX":1,
  "PE2 2LZ":1,
  "PE2 2NA":1,
  "PE2 2NB":1,
  "PE2 2ND":1,
  "PE2 2NE":1,
  "PE2 2NF":1,
  "PE2 2NG":1,
  "PE2 2NH":1,
  "PE2 2NJ":1,
  "PE2 2NL":1,
  "PE2 2NN":1,
  "PE2 2NP":1,
  "PE2 2NQ":1,
  "PE2 2NR":1,
  "PE2 2NS":1,
  "PE2 2NT":1,
  "PE2 2NU":1,
  "PE2 2NW":1,
  "PE2 2NX":1,
  "PE2 2NY":1,
  "PE2 2NZ":1,
  "PE2 2PA":1,
  "PE2 2PB":1,
  "PE2 2PD":1,
  "PE2 2PE":1,
  "PE2 2PG":1,
  "PE2 2PH":1,
  "PE2 2PJ":1,
  "PE2 2PL":1,
  "PE2 2PN":1,
  "PE2 2PP":1,
  "PE2 2PQ":1,
  "PE2 2PR":1,
  "PE2 2PS":1,
  "PE2 2PT":1,
  "PE2 2PU":1,
  "PE2 2PW":1,
  "PE2 2PX":1,
  "PE2 2PY":1,
  "PE2 2PZ":1,
  "PE2 2QA":1,
  "PE2 2QB":1,
  "PE2 2QD":1,
  "PE2 2QE":1,
  "PE2 2QF":1,
  "PE2 2QG":1,
  "PE2 2QH":1,
  "PE2 2QJ":1,
  "PE2 2QL":1,
  "PE2 2QN":1,
  "PE2 2QP":1,
  "PE2 2QQ":1,
  "PE2 2QR":1,
  "PE2 2QS":1,
  "PE2 2QT":1,
  "PE2 2QU":1,
  "PE2 2QW":1,
  "PE2 2QX":1,
  "PE2 2QY":1,
  "PE2 2QZ":1,
  "PE2 2RA":1,
  "PE2 2RB":1,
  "PE2 2RD":1,
  "PE2 2RE":1,
  "PE2 2RF":1,
  "PE2 2RG":1,
  "PE2 2RH":1,
  "PE2 2RL":1,
  "PE2 2RN":1,
  "PE2 2RP":1,
  "PE2 2RQ":1,
  "PE2 2RR":1,
  "PE2 2RS":1,
  "PE2 2RT":1,
  "PE2 2RU":1,
  "PE2 2RW":1,
  "PE2 2RX":1,
  "PE2 2RY":1,
  "PE2 2RZ":1,
  "PE2 2TL":1,
  "PE2 2TN":1,
  "PE2 2TP":1,
  "PE2 2TQ":1,
  "PE2 2TR":1,
  "PE2 2TS":1,
  "PE2 2TT":1,
  "PE2 2TU":1,
  "PE2 2TW":1,
  "PE2 2TX":1,
  "PE2 2TY":1,
  "PE2 2TZ":1,
  "PE2 2UB":1,
  "PE2 2UD":1,
  "PE2 2UE":1,
  "PE2 2UF":1,
  "PE2 2UG":1,
  "PE2 2UH":1,
  "PE2 2UJ":1,
  "PE2 2UL":1,
  "PE2 2UN":1,
  "PE2 5DW":1,
  "PE2 5EB":1,
  "PE2 5ED":1,
  "PE2 5FL":1,
  "PE2 5GD":1,
  "PE2 5GE":1,
  "PE2 5GJ":1,
  "PE2 5GL":1,
  "PE2 5GY":1,
  "PE2 5HU":1,
  "PE2 5HW":4,
  "PE2 5HX":1,
  "PE2 5TA":1,
  "PE2 5TE":1,
  "PE2 5TF":1,
  "PE2 5TG":1,
  "PE2 5UP":1,
  "PE2 5WA":1,
  "PE2 5WB":1,
  "PE2 5WD":1,
  "PE2 5WF":1,
  "PE2 5WG":1,
  "PE2 5WH":1,
  "PE2 5WJ":1,
  "PE2 5WN":1,
  "PE2 5WQ":1,
  "PE2 5WR":1,
  "PE2 5WS":1,
  "PE2 5WT":1,
  "PE2 5WU":1,
  "PE2 5WW":1,
  "PE2 5WX":1,
  "PE2 5WY":1,
  "PE2 5WZ":1,
  "PE2 5XA":1,
  "PE2 5XB":1,
  "PE2 5XE":1,
  "PE2 5XR":1,
  "PE2 5XU":1,
  "PE2 5XY":1,
  "PE2 5XZ":1,
  "PE2 5YB":1,
  "PE2 5YD":1,
  "PE2 5YG":1,
  "PE2 5YP":1,
  "PE2 5YT":1,
  "PE2 5YU":1,
  "PE2 5ZE":1,
  "PE2 5ZG":1,
  "PE2 5ZP":1,
  "PE2 5ZS":1,
  "PE2 6FU":1,
  "PE2 6FW":1,
  "PE2 6GD":1,
  "PE2 6GQ":1,
  "PE2 6GS":1,
  "PE2 6GY":1,
  "PE2 6GZ":1,
  "PE2 6JT":1,
  "PE2 6LE":1,
  "PE2 6LG":1,
  "PE2 6LH":1,
  "PE2 6LL":1,
  "PE2 6LP":1,
  "PE2 6LT":1,
  "PE2 6LU":1,
  "PE2 6LW":1,
  "PE2 6LX":1,
  "PE2 6LZ":1,
  "PE2 6NA":1,
  "PE2 6NB":1,
  "PE2 6ND":1,
  "PE2 6NE":1,
  "PE2 6NF":1,
  "PE2 6NG":1,
  "PE2 6NH":1,
  "PE2 6NJ":1,
  "PE2 6NL":1,
  "PE2 6NN":1,
  "PE2 6NW":1,
  "PE2 6NY":1,
  "PE2 6NZ":1,
  "PE2 6QA":1,
  "PE2 6QB":1,
  "PE2 6QD":1,
  "PE2 6QH":1,
  "PE2 6QJ":1,
  "PE2 6QL":1,
  "PE2 6QN":1,
  "PE2 6QW":1,
  "PE2 6RX":1,
  "PE2 6SD":1,
  "PE2 6UA":1,
  "PE2 6UE":1,
  "PE2 6UH":1,
  "PE2 6UN":1,
  "PE2 6UW":1,
  "PE2 6WD":1,
  "PE2 6WE":1,
  "PE2 6WH":1,
  "PE2 6WJ":1,
  "PE2 6WL":1,
  "PE2 6WN":1,
  "PE2 6WR":1,
  "PE2 6WS":1,
  "PE2 6WT":1,
  "PE2 6WU":1,
  "PE2 6XT":1,
  "PE2 6YU":1,
  "PE2 6ZD":1,
  "PE2 6ZE":1,
  "PE2 6ZH":1,
  "PE2 6ZT":1,
  "PE2 6ZU":1,
  "PE2 7BH":1,
  "PE2 7BS":1,
  "PE2 7BT":1,
  "PE2 7EN":1,
  "PE2 7EQ":1,
  "PE2 7ES":1,
  "PE2 7ET":1,
  "PE2 7EU":1,
  "PE2 7EX":1,
  "PE2 7GG":1,
  "PE2 7GJ":1,
  "PE2 7GL":1,
  "PE2 7GP":1,
  "PE2 7GQ":1,
  "PE2 7GR":1,
  "PE2 7GT":1,
  "PE2 7JF":1,
  "PE2 7WA":1,
  "PE2 7WB":1,
  "PE2 7WS":1,
  "PE2 7WX":1,
  "PE2 7XB":1,
  "PE2 7YZ":1,
  "PE2 7ZG":1,
  "PE2 8AB":1,
  "PE2 8GW":1,
  "PE2 8UD":1,
  "PE2 8WA":1,
  "PE2 8WD":1,
  "PE2 8WY":1,
  "PE2 8WZ":1,
  "PE2 8XU":1,
  "PE2 8XY":1,
  "PE2 8YD":1,
  "PE2 8YE":1,
  "PE2 8YF":1,
  "PE2 8YG":1,
  "PE2 8YH":1,
  "PE2 8YL":1,
  "PE2 8YN":1,
  "PE2 8YP":1,
  "PE2 8YQ":1,
  "PE2 8YR":1,
  "PE2 8YS":1,
  "PE2 8YT":1,
  "PE2 8YU":1,
  "PE2 8YW":1,
  "PE2 8YX":1,
  "PE2 8YZ":1,
  "PE2 8ZL":1,
  "PE2 9AU":1,
  "PE2 9AX":1,
  "PE2 9BD":1,
  "PE2 9GH":1,
  "PE2 9GS":1,
  "PE2 9JR":1,
  "PE2 9LY":2,
  "PE2 9LZ":1,
  "PE2 9NJ":1,
  "PE2 9NN":1,
  "PE2 9NS":1,
  "PE2 9NX":1,
  "PE2 9NY":1,
  "PE2 9QX":1,
  "PE2 9WA":1,
  "PE2 9WB":1,
  "PE2 9WD":1,
  "PE2 9WQ":1,
  "PE2 9WR":1,
  "PE2 9WS":1,
  "PE2 9WT":1,
  "PE2 9WU":1,
  "PE2 9WW":1,
  "PE2 9WX":1,
  "PE2 9WY":1,
  "PE2 9WZ":1,
  "PE2 9XA":1,
  "PE2 9XB":1,
  "PE2 9YQ":1,
  "PE2 9YY":1,
  "PE3 6AA":4,
  "PE3 6AB":4,
  "PE3 6AD":4,
  "PE3 6AE":3,
  "PE3 6AF":3,
  "PE3 6AG":4,
  "PE3 6AH":4,
  "PE3 6AJ":3,
  "PE3 6AL":3,
  "PE3 6AN":3,
  "PE3 6AP":3,
  "PE3 6AQ":3,
  "PE3 6AR":3,
  "PE3 6AS":3,
  "PE3 6AT":3,
  "PE3 6AU":3,
  "PE3 6AW":3,
  "PE3 6AX":3,
  "PE3 6AY":3,
  "PE3 6AZ":3,
  "PE3 6BA":3,
  "PE3 6BB":3,
  "PE3 6BD":3,
  "PE3 6BE":3,
  "PE3 6BF":3,
  "PE3 6BG":3,
  "PE3 6BH":4,
  "PE3 6BJ":4,
  "PE3 6BL":3,
  "PE3 6BN":3,
  "PE3 6BP":3,
  "PE3 6BQ":3,
  "PE3 6BT":3,
  "PE3 6BU":3,
  "PE3 6BW":4,
  "PE3 6BX":4,
  "PE3 6BY":4,
  "PE3 6BZ":4,
  "PE3 6DA":3,
  "PE3 6DB":3,
  "PE3 6DD":3,
  "PE3 6DE":3,
  "PE3 6DF":3,
  "PE3 6DG":3,
  "PE3 6DH":3,
  "PE3 6DJ":3,
  "PE3 6DL":3,
  "PE3 6DN":3,
  "PE3 6DP":3,
  "PE3 6DQ":3,
  "PE3 6DR":3,
  "PE3 6DS":3,
  "PE3 6DT":3,
  "PE3 6DU":3,
  "PE3 6DW":3,
  "PE3 6DX":3,
  "PE3 6DY":3,
  "PE3 6DZ":3,
  "PE3 6EA":3,
  "PE3 6EB":3,
  "PE3 6ED":1,
  "PE3 6EE":1,
  "PE3 6EF":3,
  "PE3 6EG":3,
  "PE3 6EH":3,
  "PE3 6EJ":3,
  "PE3 6EL":3,
  "PE3 6EN":3,
  "PE3 6EP":3,
  "PE3 6EQ":3,
  "PE3 6ER":3,
  "PE3 6ES":3,
  "PE3 6ET":3,
  "PE3 6EU":3,
  "PE3 6EW":3,
  "PE3 6EX":3,
  "PE3 6EY":3,
  "PE3 6EZ":3,
  "PE3 6FA":1,
  "PE3 6FB":2,
  "PE3 6FE":2,
  "PE3 6FG":1,
  "PE3 6FJ":1,
  "PE3 6FL":1,
  "PE3 6FN":1,
  "PE3 6FT":3,
  "PE3 6FU":3,
  "PE3 6FX":2,
  "PE3 6FY":3,
  "PE3 6FZ":3,
  "PE3 6GA":3,
  "PE3 6GB":1,
  "PE3 6GD":1,
  "PE3 6GE":3,
  "PE3 6GF":2,
  "PE3 6GG":2,
  "PE3 6GH":3,
  "PE3 6GJ":3,
  "PE3 6GL":3,
  "PE3 6GN":3,
  "PE3 6GP":3,
  "PE3 6GQ":3,
  "PE3 6GR":3,
  "PE3 6GS":3,
  "PE3 6GT":3,
  "PE3 6GU":3,
  "PE3 6GW":3,
  "PE3 6GX":3,
  "PE3 6GY":2,
  "PE3 6GZ":3,
  "PE3 6HA":3,
  "PE3 6HB":3,
  "PE3 6HD":3,
  "PE3 6HE":3,
  "PE3 6HF":3,
  "PE3 6HG":3,
  "PE3 6HH":3,
  "PE3 6HJ":3,
  "PE3 6HL":3,
  "PE3 6HN":2,
  "PE3 6HP":3,
  "PE3 6HQ":3,
  "PE3 6HR":4,
  "PE3 6HS":3,
  "PE3 6HT":3,
  "PE3 6HU":3,
  "PE3 6HW":2,
  "PE3 6HX":1,
  "PE3 6HY":3,
  "PE3 6HZ":3,
  "PE3 6JA":3,
  "PE3 6JB":3,
  "PE3 6JD":3,
  "PE3 6JE":3,
  "PE3 6JF":3,
  "PE3 6JG":3,
  "PE3 6JH":3,
  "PE3 6JJ":3,
  "PE3 6JL":3,
  "PE3 6JN":3,
  "PE3 6JP":3,
  "PE3 6JQ":3,
  "PE3 6JR":2,
  "PE3 6JS":2,
  "PE3 6JT":2,
  "PE3 6JU":2,
  "PE3 6JW":3,
  "PE3 6JX":2,
  "PE3 6JY":3,
  "PE3 6JZ":1,
  "PE3 6LA":3,
  "PE3 6LB":3,
  "PE3 6LD":3,
  "PE3 6LE":2,
  "PE3 6LF":3,
  "PE3 6LG":3,
  "PE3 6LH":3,
  "PE3 6LJ":3,
  "PE3 6LL":3,
  "PE3 6LN":3,
  "PE3 6LP":3,
  "PE3 6LQ":3,
  "PE3 6LR":3,
  "PE3 6LS":3,
  "PE3 6LT":3,
  "PE3 6LU":2,
  "PE3 6LW":3,
  "PE3 6LX":2,
  "PE3 6LY":2,
  "PE3 6LZ":2,
  "PE3 6NA":2,
  "PE3 6NB":2,
  "PE3 6ND":2,
  "PE3 6NE":1,
  "PE3 6NF":2,
  "PE3 6NG":2,
  "PE3 6NH":3,
  "PE3 6NJ":2,
  "PE3 6NL":3,
  "PE3 6NN":3,
  "PE3 6NP":3,
  "PE3 6NQ":1,
  "PE3 6NR":2,
  "PE3 6NS":2,
  "PE3 6NT":2,
  "PE3 6NU":2,
  "PE3 6NW":2,
  "PE3 6NX":2,
  "PE3 6NY":2,
  "PE3 6NZ":2,
  "PE3 6PA":3,
  "PE3 6PB":3,
  "PE3 6PD":3,
  "PE3 6PE":3,
  "PE3 6PF":2,
  "PE3 6PG":3,
  "PE3 6PH":3,
  "PE3 6PJ":3,
  "PE3 6PL":3,
  "PE3 6PN":3,
  "PE3 6PP":2,
  "PE3 6PQ":3,
  "PE3 6PR":2,
  "PE3 6PS":2,
  "PE3 6PT":2,
  "PE3 6PU":2,
  "PE3 6PW":3,
  "PE3 6PX":2,
  "PE3 6PY":2,
  "PE3 6PZ":2,
  "PE3 6QA":2,
  "PE3 6QB":2,
  "PE3 6QD":2,
  "PE3 6QE":2,
  "PE3 6QF":2,
  "PE3 6QG":2,
  "PE3 6QH":2,
  "PE3 6QJ":2,
  "PE3 6QL":2,
  "PE3 6QN":3,
  "PE3 6QP":3,
  "PE3 6QQ":2,
  "PE3 6QR":3,
  "PE3 6QS":2,
  "PE3 6QT":2,
  "PE3 6QU":2,
  "PE3 6QW":2,
  "PE3 6QX":2,
  "PE3 6QY":2,
  "PE3 6QZ":2,
  "PE3 6RA":2,
  "PE3 6RB":2,
  "PE3 6RD":3,
  "PE3 6RE":3,
  "PE3 6RF":3,
  "PE3 6RG":3,
  "PE3 6RH":3,
  "PE3 6RJ":3,
  "PE3 6RL":3,
  "PE3 6RN":3,
  "PE3 6RP":3,
  "PE3 6RQ":3,
  "PE3 6RR":3,
  "PE3 6RS":2,
  "PE3 6RT":2,
  "PE3 6RU":2,
  "PE3 6RW":3,
  "PE3 6RX":3,
  "PE3 6RY":2,
  "PE3 6RZ":2,
  "PE3 6SA":2,
  "PE3 6SB":2,
  "PE3 6SD":2,
  "PE3 6SE":2,
  "PE3 6SF":2,
  "PE3 6SG":3,
  "PE3 6SH":1,
  "PE3 6SJ":3,
  "PE3 6SL":3,
  "PE3 6SN":3,
  "PE3 6SP":3,
  "PE3 6SQ":2,
  "PE3 6SR":2,
  "PE3 6SS":2,
  "PE3 6ST":2,
  "PE3 6SU":2,
  "PE3 6SW":3,
  "PE3 6SX":2,
  "PE3 6SY":2,
  "PE3 6SZ":2,
  "PE3 6TA":3,
  "PE3 6TB":3,
  "PE3 6TD":3,
  "PE3 6TE":3,
  "PE3 6TF":2,
  "PE3 6TG":3,
  "PE3 6TH":3,
  "PE3 6TJ":3,
  "PE3 6TL":3,
  "PE3 6TN":2,
  "PE3 6TP":3,
  "PE3 6TQ":3,
  "PE3 6TR":3,
  "PE3 6TS":3,
  "PE3 6TT":3,
  "PE3 6TU":3,
  "PE3 6TW":3,
  "PE3 6TX":3,
  "PE3 6TY":3,
  "PE3 6TZ":3,
  "PE3 6UA":3,
  "PE3 6UB":3,
  "PE3 6UD":3,
  "PE3 6UE":2,
  "PE3 6UF":2,
  "PE3 6UG":2,
  "PE3 6UH":2,
  "PE3 6UJ":2,
  "PE3 6UL":2,
  "PE3 6UN":2,
  "PE3 6UP":2,
  "PE3 6UQ":2,
  "PE3 6UR":2,
  "PE3 6US":3,
  "PE3 6UT":3,
  "PE3 6UU":3,
  "PE3 6UW":2,
  "PE3 6UX":3,
  "PE3 6UY":2,
  "PE3 6UZ":2,
  "PE3 6WF":1,
  "PE3 6WG":1,
  "PE3 6WH":1,
  "PE3 6WJ":2,
  "PE3 6WL":1,
  "PE3 6WN":2,
  "PE3 6WP":1,
  "PE3 6WQ":3,
  "PE3 6WR":1,
  "PE3 6WS":1,
  "PE3 6WT":2,
  "PE3 6WU":2,
  "PE3 6WW":1,
  "PE3 6WX":1,
  "PE3 6WY":1,
  "PE3 6WZ":1,
  "PE3 6XA":2,
  "PE3 6XB":1,
  "PE3 6XD":2,
  "PE3 6XE":2,
  "PE3 6XF":2,
  "PE3 6XG":2,
  "PE3 6XH":2,
  "PE3 6XJ":2,
  "PE3 6XL":2,
  "PE3 6XN":2,
  "PE3 6XP":2,
  "PE3 6XQ":2,
  "PE3 6XR":2,
  "PE3 6XS":2,
  "PE3 6XT":2,
  "PE3 6XU":2,
  "PE3 6XW":2,
  "PE3 6XX":2,
  "PE3 6XY":1,
  "PE3 6XZ":2,
  "PE3 6YA":2,
  "PE3 6YB":2,
  "PE3 6YD":2,
  "PE3 6YE":2,
  "PE3 6YF":2,
  "PE3 6YG":2,
  "PE3 6YH":2,
  "PE3 6YJ":2,
  "PE3 6YL":2,
  "PE3 6YN":2,
  "PE3 6YP":2,
  "PE3 6YQ":2,
  "PE3 6YR":2,
  "PE3 6YS":2,
  "PE3 6YT":2,
  "PE3 6YU":2,
  "PE3 6YW":2,
  "PE3 6YX":2,
  "PE3 6YY":2,
  "PE3 6YZ":2,
  "PE3 6ZB":1,
  "PE3 6ZF":2,
  "PE3 6ZP":1,
  "PE3 6ZS":2,
  "PE3 6ZT":2,
  "PE3 6ZU":1,
  "PE3 6ZY":1,
  "PE3 7AA":3,
  "PE3 7AB":3,
  "PE3 7AD":2,
  "PE3 7AE":2,
  "PE3 7AF":2,
  "PE3 7AG":2,
  "PE3 7AH":2,
  "PE3 7AJ":3,
  "PE3 7AL":3,
  "PE3 7AN":3,
  "PE3 7AP":2,
  "PE3 7AQ":2,
  "PE3 7AR":3,
  "PE3 7AS":3,
  "PE3 7AT":2,
  "PE3 7AU":2,
  "PE3 7AW":2,
  "PE3 7AX":2,
  "PE3 7AY":2,
  "PE3 7AZ":2,
  "PE3 7BA":2,
  "PE3 7BB":2,
  "PE3 7BD":2,
  "PE3 7BE":2,
  "PE3 7BF":2,
  "PE3 7BG":2,
  "PE3 7BH":2,
  "PE3 7BJ":2,
  "PE3 7BL":2,
  "PE3 7BN":2,
  "PE3 7BP":2,
  "PE3 7BQ":2,
  "PE3 7BS":2,
  "PE3 7BT":2,
  "PE3 7BU":2,
  "PE3 7BW":2,
  "PE3 7BX":2,
  "PE3 7BY":2,
  "PE3 7BZ":2,
  "PE3 7DA":2,
  "PE3 7DB":2,
  "PE3 7DD":2,
  "PE3 7DE":2,
  "PE3 7DF":2,
  "PE3 7DG":2,
  "PE3 7DH":2,
  "PE3 7DJ":2,
  "PE3 7DL":2,
  "PE3 7DN":2,
  "PE3 7DP":2,
  "PE3 7DQ":2,
  "PE3 7DR":2,
  "PE3 7DS":2,
  "PE3 7DT":2,
  "PE3 7DU":2,
  "PE3 7DW":2,
  "PE3 7DX":2,
  "PE3 7DY":2,
  "PE3 7DZ":2,
  "PE3 7EA":2,
  "PE3 7EB":2,
  "PE3 7ED":3,
  "PE3 7EE":3,
  "PE3 7EF":3,
  "PE3 7EG":3,
  "PE3 7EH":3,
  "PE3 7EJ":3,
  "PE3 7EL":3,
  "PE3 7EN":3,
  "PE3 7EP":2,
  "PE3 7EQ":3,
  "PE3 7ER":2,
  "PE3 7ES":2,
  "PE3 7ET":3,
  "PE3 7EU":2,
  "PE3 7EW":3,
  "PE3 7EX":2,
  "PE3 7EY":3,
  "PE3 7EZ":3,
  "PE3 7FA":2,
  "PE3 7HA":3,
  "PE3 7HB":3,
  "PE3 7HD":3,
  "PE3 7HE":2,
  "PE3 7HF":2,
  "PE3 7HG":3,
  "PE3 7HH":3,
  "PE3 7HJ":3,
  "PE3 7HL":3,
  "PE3 7HN":3,
  "PE3 7HP":3,
  "PE3 7HQ":3,
  "PE3 7HR":3,
  "PE3 7HS":3,
  "PE3 7HT":3,
  "PE3 7HU":3,
  "PE3 7HW":3,
  "PE3 7HX":3,
  "PE3 7HY":2,
  "PE3 7HZ":2,
  "PE3 7JA":2,
  "PE3 7JB":2,
  "PE3 7JD":2,
  "PE3 7JE":2,
  "PE3 7JF":2,
  "PE3 7JG":2,
  "PE3 7JH":2,
  "PE3 7JJ":2,
  "PE3 7JL":2,
  "PE3 7JN":2,
  "PE3 7JP":2,
  "PE3 7JQ":2,
  "PE3 7JR":2,
  "PE3 7JS":2,
  "PE3 7JT":2,
  "PE3 7JU":2,
  "PE3 7JW":2,
  "PE3 7JX":2,
  "PE3 7JY":2,
  "PE3 7JZ":2,
  "PE3 7LA":2,
  "PE3 7LB":2,
  "PE3 7LD":2,
  "PE3 7LE":2,
  "PE3 7LF":3,
  "PE3 7LG":2,
  "PE3 7LH":2,
  "PE3 7LJ":2,
  "PE3 7LL":2,
  "PE3 7LN":2,
  "PE3 7LP":2,
  "PE3 7LQ":2,
  "PE3 7LR":2,
  "PE3 7LS":2,
  "PE3 7LT":2,
  "PE3 7LU":2,
  "PE3 7LW":2,
  "PE3 7LX":2,
  "PE3 7LY":2,
  "PE3 7LZ":2,
  "PE3 7NA":2,
  "PE3 7NB":2,
  "PE3 7ND":2,
  "PE3 7NF":2,
  "PE3 7NG":2,
  "PE3 7NH":2,
  "PE3 7NJ":2,
  "PE3 7NL":2,
  "PE3 7NN":2,
  "PE3 7NP":2,
  "PE3 7NQ":3,
  "PE3 7NR":1,
  "PE3 7NS":2,
  "PE3 7NT":2,
  "PE3 7NU":1,
  "PE3 7NW":2,
  "PE3 7NX":2,
  "PE3 7NY":2,
  "PE3 7NZ":3,
  "PE3 7PA":2,
  "PE3 7PB":2,
  "PE3 7PD":3,
  "PE3 7PE":2,
  "PE3 7PF":2,
  "PE3 7PG":2,
  "PE3 7PH":2,
  "PE3 7PJ":3,
  "PE3 7PL":3,
  "PE3 7PN":2,
  "PE3 7PP":2,
  "PE3 7PQ":2,
  "PE3 7PR":3,
  "PE3 7PS":3,
  "PE3 7PT":3,
  "PE3 7PU":3,
  "PE3 7PW":2,
  "PE3 7PX":3,
  "PE3 7PY":3,
  "PE3 7PZ":3,
  "PE3 7QA":2,
  "PE3 7QB":1,
  "PE3 7QD":1,
  "PE3 7QE":2,
  "PE3 7QG":1,
  "PE3 7QH":1,
  "PE3 7QJ":1,
  "PE3 7QQ":1,
  "PE3 7WD":1,
  "PE3 7WF":1,
  "PE3 7WP":1,
  "PE3 7WY":1,
  "PE3 7WZ":1,
  "PE3 7XP":1,
  "PE3 7XU":2,
  "PE3 8AB":1,
  "PE3 8AD":2,
  "PE3 8AE":2,
  "PE3 8AF":1,
  "PE3 8AH":1,
  "PE3 8AQ":2,
  "PE3 8AS":2,
  "PE3 8AU":2,
  "PE3 8AW":2,
  "PE3 8AX":2,
  "PE3 8AY":2,
  "PE3 8BA":2,
  "PE3 8BB":2,
  "PE3 8BE":2,
  "PE3 8BG":2,
  "PE3 8BH":1,
  "PE3 8BL":1,
  "PE3 8BN":1,
  "PE3 8BP":2,
  "PE3 8BQ":1,
  "PE3 8BT":2,
  "PE3 8BU":2,
  "PE3 8BW":1,
  "PE3 8BX":1,
  "PE3 8BY":2,
  "PE3 8BZ":2,
  "PE3 8DA":2,
  "PE3 8DB":2,
  "PE3 8DE":2,
  "PE3 8DF":2,
  "PE3 8DG":2,
  "PE3 8DH":2,
  "PE3 8DJ":2,
  "PE3 8DL":2,
  "PE3 8DN":2,
  "PE3 8DP":2,
  "PE3 8DQ":2,
  "PE3 8DR":2,
  "PE3 8DS":2,
  "PE3 8DT":2,
  "PE3 8DU":2,
  "PE3 8DW":2,
  "PE3 8DX":2,
  "PE3 8DY":2,
  "PE3 8DZ":2,
  "PE3 8EA":2,
  "PE3 8EB":2,
  "PE3 8ED":2,
  "PE3 8EE":2,
  "PE3 8EF":2,
  "PE3 8EG":2,
  "PE3 8EH":2,
  "PE3 8EJ":2,
  "PE3 8EL":2,
  "PE3 8EN":2,
  "PE3 8EP":2,
  "PE3 8EQ":2,
  "PE3 8ER":2,
  "PE3 8ES":2,
  "PE3 8ET":2,
  "PE3 8EU":2,
  "PE3 8EW":2,
  "PE3 8EX":2,
  "PE3 8EY":2,
  "PE3 8EZ":2,
  "PE3 8HE":1,
  "PE3 8HF":1,
  "PE3 8HG":1,
  "PE3 8HH":2,
  "PE3 8HJ":1,
  "PE3 8HL":1,
  "PE3 8HN":1,
  "PE3 8HP":2,
  "PE3 8HQ":1,
  "PE3 8HR":2,
  "PE3 8HS":2,
  "PE3 8HT":2,
  "PE3 8HU":2,
  "PE3 8HW":2,
  "PE3 8HX":2,
  "PE3 8HY":1,
  "PE3 8HZ":2,
  "PE3 8JA":2,
  "PE3 8JB":2,
  "PE3 8JD":2,
  "PE3 8JE":2,
  "PE3 8JF":2,
  "PE3 8JG":2,
  "PE3 8JH":2,
  "PE3 8JJ":2,
  "PE3 8JL":2,
  "PE3 8JN":2,
  "PE3 8JP":2,
  "PE3 8JQ":2,
  "PE3 8JR":2,
  "PE3 8JS":2,
  "PE3 8JT":2,
  "PE3 8JU":2,
  "PE3 8JW":2,
  "PE3 8JX":1,
  "PE3 8JY":2,
  "PE3 8JZ":2,
  "PE3 8LA":2,
  "PE3 8LB":2,
  "PE3 8LD":2,
  "PE3 8LE":2,
  "PE3 8LF":2,
  "PE3 8LG":2,
  "PE3 8LH":2,
  "PE3 8LJ":2,
  "PE3 8LL":2,
  "PE3 8LN":2,
  "PE3 8LP":2,
  "PE3 8LQ":2,
  "PE3 8LW":2,
  "PE3 8LZ":2,
  "PE3 8NA":2,
  "PE3 8NB":2,
  "PE3 8ND":2,
  "PE3 8NE":2,
  "PE3 8NF":2,
  "PE3 8NG":2,
  "PE3 8NH":2,
  "PE3 8NJ":2,
  "PE3 8NL":2,
  "PE3 8NN":2,
  "PE3 8NP":2,
  "PE3 8NQ":2,
  "PE3 8NR":2,
  "PE3 8NS":2,
  "PE3 8NT":2,
  "PE3 8NU":2,
  "PE3 8NW":2,
  "PE3 8NX":2,
  "PE3 8NY":2,
  "PE3 8NZ":2,
  "PE3 8PA":2,
  "PE3 8PB":2,
  "PE3 8PD":2,
  "PE3 8PE":1,
  "PE3 8PF":1,
  "PE3 8PG":1,
  "PE3 8PQ":1,
  "PE3 8QA":2,
  "PE3 8QB":2,
  "PE3 8QD":2,
  "PE3 8QE":2,
  "PE3 8QF":2,
  "PE3 8QH":2,
  "PE3 8QJ":2,
  "PE3 8QL":2,
  "PE3 8QQ":2,
  "PE3 8QR":2,
  "PE3 8QS":2,
  "PE3 8QT":2,
  "PE3 8RA":2,
  "PE3 8RB":2,
  "PE3 8RD":2,
  "PE3 8RE":2,
  "PE3 8RF":2,
  "PE3 8RG":2,
  "PE3 8RH":2,
  "PE3 8RJ":2,
  "PE3 8RL":2,
  "PE3 8RN":2,
  "PE3 8RQ":2,
  "PE3 8SA":2,
  "PE3 8SB":1,
  "PE3 8SE":1,
  "PE3 8SG":2,
  "PE3 8SH":2,
  "PE3 8SJ":2,
  "PE3 8SQ":2,
  "PE3 8SZ":1,
  "PE3 8TA":2,
  "PE3 8TB":2,
  "PE3 8TD":2,
  "PE3 8TE":2,
  "PE3 8TF":2,
  "PE3 8TG":2,
  "PE3 8TL":2,
  "PE3 8TQ":2,
  "PE3 8TZ":2,
  "PE3 8XF":1,
  "PE3 8XG":1,
  "PE3 8XH":1,
  "PE3 8XJ":2,
  "PE3 8XL":1,
  "PE3 8XN":1,
  "PE3 8XP":1,
  "PE3 8XQ":1,
  "PE3 8XR":1,
  "PE3 8XS":1,
  "PE3 8XT":1,
  "PE3 8XU":1,
  "PE3 8XW":2,
  "PE3 8XX":1,
  "PE3 8XY":1,
  "PE3 8XZ":1,
  "PE3 8YA":2,
  "PE3 8YB":2,
  "PE3 8YD":1,
  "PE3 8YE":2,
  "PE3 8YF":2,
  "PE3 8YG":2,
  "PE3 8YH":2,
  "PE3 8YJ":2,
  "PE3 8YL":2,
  "PE3 8YN":1,
  "PE3 8YP":1,
  "PE3 8YQ":2,
  "PE3 8YR":1,
  "PE3 8YS":1,
  "PE3 8YT":2,
  "PE3 8YU":2,
  "PE3 8YW":2,
  "PE3 8YX":2,
  "PE3 8YY":2,
  "PE3 8YZ":2,
  "PE3 8ZN":1,
  "PE3 8ZZ":1,
  "PE3 9AA":2,
  "PE3 9AB":2,
  "PE3 9AD":2,
  "PE3 9AE":2,
  "PE3 9AF":2,
  "PE3 9AG":2,
  "PE3 9AH":1,
  "PE3 9AJ":2,
  "PE3 9AL":1,
  "PE3 9AN":2,
  "PE3 9AP":2,
  "PE3 9AQ":2,
  "PE3 9AR":2,
  "PE3 9AS":2,
  "PE3 9AT":2,
  "PE3 9AU":2,
  "PE3 9AW":2,
  "PE3 9AX":2,
  "PE3 9AY":2,
  "PE3 9AZ":2,
  "PE3 9BA":2,
  "PE3 9BB":2,
  "PE3 9BD":2,
  "PE3 9BE":2,
  "PE3 9BF":2,
  "PE3 9BG":2,
  "PE3 9BH":2,
  "PE3 9BJ":1,
  "PE3 9BL":2,
  "PE3 9BN":2,
  "PE3 9BP":2,
  "PE3 9BQ":2,
  "PE3 9BS":1,
  "PE3 9BT":2,
  "PE3 9BU":2,
  "PE3 9BW":1,
  "PE3 9BX":2,
  "PE3 9BY":2,
  "PE3 9DA":1,
  "PE3 9DB":1,
  "PE3 9DD":2,
  "PE3 9DE":1,
  "PE3 9DF":1,
  "PE3 9DG":2,
  "PE3 9DH":1,
  "PE3 9DJ":1,
  "PE3 9DL":1,
  "PE3 9DN":1,
  "PE3 9DP":3,
  "PE3 9DQ":2,
  "PE3 9DR":3,
  "PE3 9DS":3,
  "PE3 9DT":3,
  "PE3 9DU":3,
  "PE3 9DW":1,
  "PE3 9DX":3,
  "PE3 9DY":3,
  "PE3 9DZ":3,
  "PE3 9EA":3,
  "PE3 9EB":3,
  "PE3 9ED":3,
  "PE3 9EE":3,
  "PE3 9EF":3,
  "PE3 9EG":3,
  "PE3 9EH":3,
  "PE3 9EJ":3,
  "PE3 9EL":3,
  "PE3 9EN":3,
  "PE3 9EP":3,
  "PE3 9EQ":3,
  "PE3 9ER":3,
  "PE3 9ES":3,
  "PE3 9ET":3,
  "PE3 9FA":1,
  "PE3 9FB":1,
  "PE3 9FD":2,
  "PE3 9FF":1,
  "PE3 9FJ":2,
  "PE3 9FP":2,
  "PE3 9FR":2,
  "PE3 9FS":2,
  "PE3 9FY":1,
  "PE3 9FZ":1,
  "PE3 9GR":3,
  "PE3 9GS":3,
  "PE3 9GT":3,
  "PE3 9GX":2,
  "PE3 9GY":2,
  "PE3 9GZ":2,
  "PE3 9HA":2,
  "PE3 9HD":2,
  "PE3 9JR":2,
  "PE3 9JS":2,
  "PE3 9JT":2,
  "PE3 9JU":2,
  "PE3 9NE":2,
  "PE3 9NF":2,
  "PE3 9NG":2,
  "PE3 9NH":2,
  "PE3 9NJ":2,
  "PE3 9NL":2,
  "PE3 9NN":2,
  "PE3 9NP":3,
  "PE3 9NQ":2,
  "PE3 9NR":2,
  "PE3 9NS":2,
  "PE3 9NT":2,
  "PE3 9NW":2,
  "PE3 9NX":2,
  "PE3 9NY":2,
  "PE3 9NZ":2,
  "PE3 9PA":3,
  "PE3 9PB":3,
  "PE3 9PD":3,
  "PE3 9PE":3,
  "PE3 9PF":2,
  "PE3 9PG":3,
  "PE3 9PH":3,
  "PE3 9PJ":3,
  "PE3 9PL":3,
  "PE3 9PN":3,
  "PE3 9PP":2,
  "PE3 9PQ":3,
  "PE3 9PR":2,
  "PE3 9PS":2,
  "PE3 9PT":2,
  "PE3 9PU":2,
  "PE3 9PW":3,
  "PE3 9PX":2,
  "PE3 9PY":2,
  "PE3 9PZ":2,
  "PE3 9QA":2,
  "PE3 9QB":2,
  "PE3 9QD":2,
  "PE3 9QE":2,
  "PE3 9QF":2,
  "PE3 9QG":2,
  "PE3 9QH":2,
  "PE3 9QJ":2,
  "PE3 9QL":2,
  "PE3 9QN":3,
  "PE3 9QP":3,
  "PE3 9QQ":2,
  "PE3 9QR":2,
  "PE3 9QS":2,
  "PE3 9QT":2,
  "PE3 9QU":2,
  "PE3 9QW":2,
  "PE3 9QX":2,
  "PE3 9QY":2,
  "PE3 9QZ":2,
  "PE3 9RA":2,
  "PE3 9RD":3,
  "PE3 9RE":3,
  "PE3 9RF":3,
  "PE3 9RG":3,
  "PE3 9RH":3,
  "PE3 9RJ":3,
  "PE3 9RL":3,
  "PE3 9RN":3,
  "PE3 9RP":3,
  "PE3 9RQ":3,
  "PE3 9RR":3,
  "PE3 9RS":2,
  "PE3 9SH":2,
  "PE3 9SQ":2,
  "PE3 9SR":2,
  "PE3 9TA":3,
  "PE3 9TB":3,
  "PE3 9TD":3,
  "PE3 9TE":3,
  "PE3 9TF":2,
  "PE3 9TG":2,
  "PE3 9TH":2,
  "PE3 9TJ":3,
  "PE3 9TL":2,
  "PE3 9TN":3,
  "PE3 9TP":3,
  "PE3 9TQ":1,
  "PE3 9TR":3,
  "PE3 9TS":3,
  "PE3 9TT":3,
  "PE3 9TU":3,
  "PE3 9TX":3,
  "PE3 9TY":3,
  "PE3 9TZ":3,
  "PE3 9UA":3,
  "PE3 9UB":3,
  "PE3 9UD":3,
  "PE3 9UE":2,
  "PE3 9UF":2,
  "PE3 9UG":2,
  "PE3 9UH":2,
  "PE3 9UJ":2,
  "PE3 9UL":2,
  "PE3 9UN":2,
  "PE3 9UP":2,
  "PE3 9UQ":2,
  "PE3 9UR":2,
  "PE3 9UT":3,
  "PE3 9UU":3,
  "PE3 9UW":2,
  "PE3 9UZ":2,
  "PE3 9WA":1,
  "PE3 9WB":1,
  "PE3 9WD":2,
  "PE3 9WH":2,
  "PE3 9WR":1,
  "PE3 9WT":1,
  "PE3 9XA":2,
  "PE3 9XB":2,
  "PE3 9XD":2,
  "PE3 9XE":2,
  "PE3 9XF":2,
  "PE3 9XG":2,
  "PE3 9XH":2,
  "PE3 9XJ":2,
  "PE3 9XL":2,
  "PE3 9XN":2,
  "PE3 9XP":1,
  "PE3 9XQ":2,
  "PE3 9XR":1,
  "PE3 9XS":2,
  "PE3 9XT":2,
  "PE3 9XU":2,
  "PE3 9XW":2,
  "PE3 9XX":2,
  "PE3 9XY":2,
  "PE3 9XZ":2,
  "PE3 9YA":2,
  "PE3 9YB":2,
  "PE3 9YD":2,
  "PE3 9YE":2,
  "PE3 9YF":2,
  "PE3 9YG":2,
  "PE3 9YH":2,
  "PE3 9YJ":1,
  "PE3 9YL":2,
  "PE3 9YN":2,
  "PE3 9YP":2,
  "PE3 9YQ":2,
  "PE3 9YR":2,
  "PE3 9YS":2,
  "PE3 9YT":2,
  "PE3 9YU":2,
  "PE3 9YW":2,
  "PE3 9YX":2,
  "PE3 9YY":2,
  "PE3 9YZ":2,
  "PE3 9ZS":1,
  "PE3 9ZZ":2,
  "PE4 5AA":1,
  "PE4 5AB":1,
  "PE4 5AD":1,
  "PE4 5AE":1,
  "PE4 5AF":1,
  "PE4 5AG":1,
  "PE4 5AH":1,
  "PE4 5AJ":1,
  "PE4 5AL":1,
  "PE4 5AN":1,
  "PE4 5AP":1,
  "PE4 5AQ":1,
  "PE4 5AR":1,
  "PE4 5AS":1,
  "PE4 5AT":1,
  "PE4 5AU":1,
  "PE4 5AW":1,
  "PE4 5AX":1,
  "PE4 5AY":1,
  "PE4 5AZ":1,
  "PE4 5BA":1,
  "PE4 5BB":1,
  "PE4 5BD":1,
  "PE4 5BE":1,
  "PE4 5BF":1,
  "PE4 5BG":1,
  "PE4 5BH":1,
  "PE4 5BJ":1,
  "PE4 5BL":1,
  "PE4 5BN":1,
  "PE4 5BP":1,
  "PE4 5BQ":1,
  "PE4 5BR":1,
  "PE4 5BS":1,
  "PE4 5BT":1,
  "PE4 5BU":1,
  "PE4 5BW":1,
  "PE4 5BX":1,
  "PE4 5BY":1,
  "PE4 5BZ":1,
  "PE4 5DA":1,
  "PE4 5DB":1,
  "PE4 5DD":1,
  "PE4 5DE":1,
  "PE4 5DF":1,
  "PE4 5DG":1,
  "PE4 5DH":1,
  "PE4 5DJ":1,
  "PE4 5DL":1,
  "PE4 5DN":1,
  "PE4 5DP":1,
  "PE4 5DQ":1,
  "PE4 5DR":1,
  "PE4 5DS":1,
  "PE4 5DT":1,
  "PE4 5DU":1,
  "PE4 5DW":1,
  "PE4 5DX":1,
  "PE4 5DY":1,
  "PE4 5DZ":1,
  "PE4 5EA":1,
  "PE4 5EB":1,
  "PE4 5ED":1,
  "PE4 5EE":1,
  "PE4 5EF":1,
  "PE4 5EG":1,
  "PE4 5EH":1,
  "PE4 5EJ":1,
  "PE4 5EL":1,
  "PE4 5EN":1,
  "PE4 5EP":1,
  "PE4 5EQ":1,
  "PE4 5ER":1,
  "PE4 5ES":1,
  "PE4 5ET":1,
  "PE4 5EW":1,
  "PE4 5EX":1,
  "PE4 5EY":1,
  "PE4 5HA":1,
  "PE4 5HB":1,
  "PE4 5HD":1,
  "PE4 5HE":1,
  "PE4 5HF":1,
  "PE4 5HG":1,
  "PE4 5HH":1,
  "PE4 5HJ":1,
  "PE4 5HL":1,
  "PE4 5HN":1,
  "PE4 5HP":1,
  "PE4 5HQ":1,
  "PE4 5HR":1,
  "PE4 5HS":1,
  "PE4 5HT":1,
  "PE4 5HU":1,
  "PE4 5HW":1,
  "PE4 5HX":1,
  "PE4 5HY":1,
  "PE4 5HZ":1,
  "PE4 5JA":1,
  "PE4 5JB":1,
  "PE4 5JD":1,
  "PE4 5JE":1,
  "PE4 5PE":1,
  "PE4 5PF":1,
  "PE4 5PG":1,
  "PE4 5PH":1,
  "PE4 5PJ":1,
  "PE4 5SA":1,
  "PE4 5TH":1,
  "PE4 5TS":1,
  "PE4 5WR":1,
  "PE4 5WS":1,
  "PE4 5WT":1,
  "PE4 5WU":1,
  "PE4 5WW":1,
  "PE4 5WX":1,
  "PE4 5WY":1,
  "PE4 5WZ":1,
  "PE4 5XA":1,
  "PE4 5XL":1,
  "PE4 5XS":1,
  "PE4 5XZ":1,
  "PE4 5YW":1,
  "PE4 5ZZ":1,
  "PE4 6AA":2,
  "PE4 6AB":2,
  "PE4 6AD":1,
  "PE4 6AE":2,
  "PE4 6AF":2,
  "PE4 6AG":9,
  "PE4 6AH":2,
  "PE4 6AJ":2,
  "PE4 6AL":2,
  "PE4 6AN":2,
  "PE4 6AP":2,
  "PE4 6AQ":9,
  "PE4 6AR":2,
  "PE4 6AS":2,
  "PE4 6AT":2,
  "PE4 6AU":1,
  "PE4 6AW":2,
  "PE4 6AX":1,
  "PE4 6AY":1,
  "PE4 6AZ":2,
  "PE4 6BA":1,
  "PE4 6BB":9,
  "PE4 6BD":1,
  "PE4 6BE":9,
  "PE4 6BF":9,
  "PE4 6BG":9,
  "PE4 6BH":2,
  "PE4 6BJ":9,
  "PE4 6BL":2,
  "PE4 6BN":1,
  "PE4 6BP":1,
  "PE4 6BQ":2,
  "PE4 6BS":1,
  "PE4 6BT":9,
  "PE4 6BU":9,
  "PE4 6BW":9,
  "PE4 6BX":1,
  "PE4 6BY":1,
  "PE4 6BZ":1,
  "PE4 6DA":1,
  "PE4 6DB":1,
  "PE4 6DD":1,
  "PE4 6DE":1,
  "PE4 6DF":1,
  "PE4 6DG":9,
  "PE4 6DH":9,
  "PE4 6DJ":9,
  "PE4 6DL":9,
  "PE4 6DN":9,
  "PE4 6DP":9,
  "PE4 6DQ":9,
  "PE4 6DR":9,
  "PE4 6DS":9,
  "PE4 6DT":9,
  "PE4 6DU":9,
  "PE4 6DW":9,
  "PE4 6DX":9,
  "PE4 6DY":9,
  "PE4 6DZ":9,
  "PE4 6EA":9,
  "PE4 6EB":9,
  "PE4 6ED":9,
  "PE4 6EE":9,
  "PE4 6EF":1,
  "PE4 6EG":9,
  "PE4 6EH":9,
  "PE4 6EJ":9,
  "PE4 6EL":9,
  "PE4 6EN":9,
  "PE4 6EP":9,
  "PE4 6EQ":9,
  "PE4 6ER":9,
  "PE4 6ES":9,
  "PE4 6ET":9,
  "PE4 6EU":9,
  "PE4 6EW":9,
  "PE4 6EX":9,
  "PE4 6EY":9,
  "PE4 6EZ":9,
  "PE4 6FA":1,
  "PE4 6FB":1,
  "PE4 6FD":1,
  "PE4 6FE":2,
  "PE4 6FF":2,
  "PE4 6FG":2,
  "PE4 6FH":1,
  "PE4 6FJ":2,
  "PE4 6FL":1,
  "PE4 6FN":1,
  "PE4 6FP":1,
  "PE4 6FQ":1,
  "PE4 6FR":1,
  "PE4 6FS":1,
  "PE4 6FT":1,
  "PE4 6FU":1,
  "PE4 6FW":9,
  "PE4 6FX":1,
  "PE4 6FY":1,
  "PE4 6FZ":1,
  "PE4 6GA":1,
  "PE4 6GB":9,
  "PE4 6GD":1,
  "PE4 6GE":9,
  "PE4 6GF":9,
  "PE4 6GG":1,
  "PE4 6GH":1,
  "PE4 6GJ":1,
  "PE4 6GL":1,
  "PE4 6GN":9,
  "PE4 6GP":1,
  "PE4 6GQ":1,
  "PE4 6GR":2,
  "PE4 6GS":2,
  "PE4 6GT":9,
  "PE4 6GU":9,
  "PE4 6GW":1,
  "PE4 6GX":1,
  "PE4 6GY":1,
  "PE4 6GZ":1,
  "PE4 6HA":9,
  "PE4 6HB":9,
  "PE4 6HD":9,
  "PE4 6HE":9,
  "PE4 6HF":2,
  "PE4 6HG":9,
  "PE4 6HH":9,
  "PE4 6HJ":9,
  "PE4 6HL":9,
  "PE4 6HN":1,
  "PE4 6HP":1,
  "PE4 6HQ":9,
  "PE4 6HR":1,
  "PE4 6HS":1,
  "PE4 6HT":1,
  "PE4 6HU":1,
  "PE4 6HW":1,
  "PE4 6HX":1,
  "PE4 6HY":1,
  "PE4 6HZ":1,
  "PE4 6JA":1,
  "PE4 6JB":1,
  "PE4 6JD":1,
  "PE4 6JE":1,
  "PE4 6JF":1,
  "PE4 6JG":1,
  "PE4 6JH":1,
  "PE4 6JJ":1,
  "PE4 6JL":1,
  "PE4 6JN":9,
  "PE4 6JP":1,
  "PE4 6JQ":1,
  "PE4 6JR":1,
  "PE4 6JS":1,
  "PE4 6JT":1,
  "PE4 6JU":1,
  "PE4 6JW":1,
  "PE4 6JX":1,
  "PE4 6JY":1,
  "PE4 6JZ":1,
  "PE4 6LA":1,
  "PE4 6LB":1,
  "PE4 6LD":1,
  "PE4 6LE":1,
  "PE4 6LF":1,
  "PE4 6LG":1,
  "PE4 6LH":1,
  "PE4 6LJ":1,
  "PE4 6LL":1,
  "PE4 6LN":1,
  "PE4 6LP":1,
  "PE4 6LQ":1,
  "PE4 6LR":1,
  "PE4 6LS":1,
  "PE4 6LT":1,
  "PE4 6LU":1,
  "PE4 6LW":1,
  "PE4 6LX":1,
  "PE4 6LY":1,
  "PE4 6LZ":1,
  "PE4 6NA":1,
  "PE4 6NB":1,
  "PE4 6ND":1,
  "PE4 6NE":1,
  "PE4 6NF":9,
  "PE4 6NG":9,
  "PE4 6NH":1,
  "PE4 6NJ":1,
  "PE4 6NL":1,
  "PE4 6NN":1,
  "PE4 6NP":1,
  "PE4 6NQ":1,
  "PE4 6NR":1,
  "PE4 6NS":1,
  "PE4 6NT":1,
  "PE4 6NU":1,
  "PE4 6NW":1,
  "PE4 6NX":1,
  "PE4 6NY":1,
  "PE4 6NZ":1,
  "PE4 6PA":1,
  "PE4 6PB":1,
  "PE4 6PD":1,
  "PE4 6PE":1,
  "PE4 6PF":1,
  "PE4 6PG":1,
  "PE4 6PH":1,
  "PE4 6PJ":1,
  "PE4 6PL":1,
  "PE4 6PN":1,
  "PE4 6PP":9,
  "PE4 6PQ":1,
  "PE4 6PR":9,
  "PE4 6PS":9,
  "PE4 6PT":9,
  "PE4 6PU":9,
  "PE4 6PW":1,
  "PE4 6PX":1,
  "PE4 6PY":1,
  "PE4 6PZ":1,
  "PE4 6QA":1,
  "PE4 6QB":1,
  "PE4 6QD":1,
  "PE4 6QE":1,
  "PE4 6QF":1,
  "PE4 6QG":1,
  "PE4 6QH":1,
  "PE4 6QJ":1,
  "PE4 6QL":1,
  "PE4 6QN":1,
  "PE4 6QP":1,
  "PE4 6QQ":1,
  "PE4 6QR":1,
  "PE4 6QS":1,
  "PE4 6QT":1,
  "PE4 6QU":1,
  "PE4 6QW":1,
  "PE4 6QX":1,
  "PE4 6QY":1,
  "PE4 6QZ":1,
  "PE4 6RA":1,
  "PE4 6RB":1,
  "PE4 6RD":1,
  "PE4 6RE":1,
  "PE4 6RF":1,
  "PE4 6RG":1,
  "PE4 6RH":1,
  "PE4 6RJ":1,
  "PE4 6RL":1,
  "PE4 6RN":1,
  "PE4 6RP":1,
  "PE4 6RQ":1,
  "PE4 6RR":1,
  "PE4 6RS":1,
  "PE4 6RT":1,
  "PE4 6RU":1,
  "PE4 6RW":1,
  "PE4 6RX":1,
  "PE4 6RY":1,
  "PE4 6RZ":1,
  "PE4 6SA":1,
  "PE4 6SB":1,
  "PE4 6SD":1,
  "PE4 6SE":1,
  "PE4 6SF":1,
  "PE4 6SG":1,
  "PE4 6SH":9,
  "PE4 6SJ":9,
  "PE4 6SL":9,
  "PE4 6SN":9,
  "PE4 6SP":9,
  "PE4 6SQ":9,
  "PE4 6SR":9,
  "PE4 6SS":9,
  "PE4 6ST":9,
  "PE4 6SU":9,
  "PE4 6SW":9,
  "PE4 6SX":1,
  "PE4 6SY":9,
  "PE4 6SZ":9,
  "PE4 6TA":1,
  "PE4 6TB":9,
  "PE4 6TD":1,
  "PE4 6TE":9,
  "PE4 6TF":1,
  "PE4 6TG":1,
  "PE4 6TH":1,
  "PE4 6TJ":1,
  "PE4 6TL":1,
  "PE4 6TN":9,
  "PE4 6TP":9,
  "PE4 6TQ":1,
  "PE4 6TR":9,
  "PE4 6TS":1,
  "PE4 6TT":1,
  "PE4 6TU":1,
  "PE4 6TW":1,
  "PE4 6TX":1,
  "PE4 6TY":1,
  "PE4 6TZ":1,
  "PE4 6UA":1,
  "PE4 6UB":1,
  "PE4 6UD":1,
  "PE4 6UE":9,
  "PE4 6UF":9,
  "PE4 6UG":9,
  "PE4 6UH":9,
  "PE4 6UJ":9,
  "PE4 6UL":9,
  "PE4 6UN":9,
  "PE4 6UP":9,
  "PE4 6UQ":9,
  "PE4 6UR":9,
  "PE4 6US":1,
  "PE4 6UT":9,
  "PE4 6UU":9,
  "PE4 6UW":9,
  "PE4 6UX":9,
  "PE4 6UY":9,
  "PE4 6UZ":9,
  "PE4 6WA":1,
  "PE4 6WB":1,
  "PE4 6WD":1,
  "PE4 6WE":1,
  "PE4 6WF":1,
  "PE4 6WG":1,
  "PE4 6WH":1,
  "PE4 6WJ":1,
  "PE4 6WL":1,
  "PE4 6WN":1,
  "PE4 6WP":1,
  "PE4 6WQ":1,
  "PE4 6WR":1,
  "PE4 6WS":2,
  "PE4 6WT":1,
  "PE4 6WU":1,
  "PE4 6WW":1,
  "PE4 6WX":1,
  "PE4 6WY":1,
  "PE4 6WZ":1,
  "PE4 6XA":9,
  "PE4 6XB":9,
  "PE4 6XD":9,
  "PE4 6XE":9,
  "PE4 6XF":9,
  "PE4 6XG":9,
  "PE4 6XH":9,
  "PE4 6XJ":9,
  "PE4 6XL":9,
  "PE4 6XN":9,
  "PE4 6XP":1,
  "PE4 6XQ":9,
  "PE4 6XR":9,
  "PE4 6XS":9,
  "PE4 6XT":9,
  "PE4 6XU":9,
  "PE4 6XW":1,
  "PE4 6XX":1,
  "PE4 6XY":1,
  "PE4 6XZ":1,
  "PE4 6YA":1,
  "PE4 6YB":1,
  "PE4 6YD":9,
  "PE4 6YE":9,
  "PE4 6YF":9,
  "PE4 6YG":9,
  "PE4 6YH":9,
  "PE4 6YJ":1,
  "PE4 6YL":9,
  "PE4 6YN":9,
  "PE4 6YP":9,
  "PE4 6YQ":9,
  "PE4 6YR":9,
  "PE4 6YS":9,
  "PE4 6YT":9,
  "PE4 6YU":9,
  "PE4 6YW":9,
  "PE4 6YX":9,
  "PE4 6YY":9,
  "PE4 6YZ":9,
  "PE4 6ZA":1,
  "PE4 6ZB":1,
  "PE4 6ZD":1,
  "PE4 6ZE":1,
  "PE4 6ZF":1,
  "PE4 6ZG":1,
  "PE4 6ZH":1,
  "PE4 6ZJ":9,
  "PE4 6ZL":1,
  "PE4 6ZN":1,
  "PE4 6ZP":1,
  "PE4 6ZQ":1,
  "PE4 6ZR":2,
  "PE4 6ZS":1,
  "PE4 6ZT":1,
  "PE4 6ZU":1,
  "PE4 6ZW":9,
  "PE4 6ZY":1,
  "PE4 7AA":9,
  "PE4 7AB":9,
  "PE4 7AD":9,
  "PE4 7AE":9,
  "PE4 7AF":9,
  "PE4 7AG":1,
  "PE4 7AH":9,
  "PE4 7AJ":9,
  "PE4 7AL":9,
  "PE4 7AN":9,
  "PE4 7AP":9,
  "PE4 7AQ":1,
  "PE4 7AR":9,
  "PE4 7AS":9,
  "PE4 7AT":9,
  "PE4 7AU":9,
  "PE4 7AW":9,
  "PE4 7AX":9,
  "PE4 7AY":9,
  "PE4 7AZ":9,
  "PE4 7BA":9,
  "PE4 7BB":9,
  "PE4 7BD":9,
  "PE4 7BE":9,
  "PE4 7BF":9,
  "PE4 7BG":9,
  "PE4 7BH":9,
  "PE4 7BJ":9,
  "PE4 7BL":9,
  "PE4 7BN":9,
  "PE4 7BP":9,
  "PE4 7BQ":9,
  "PE4 7BS":9,
  "PE4 7BT":9,
  "PE4 7BU":9,
  "PE4 7BW":9,
  "PE4 7BX":9,
  "PE4 7BZ":9,
  "PE4 7DA":9,
  "PE4 7DB":9,
  "PE4 7DE":9,
  "PE4 7DF":9,
  "PE4 7DG":9,
  "PE4 7DH":9,
  "PE4 7DJ":9,
  "PE4 7DL":9,
  "PE4 7DN":9,
  "PE4 7DP":9,
  "PE4 7DQ":9,
  "PE4 7DR":9,
  "PE4 7DS":9,
  "PE4 7DT":9,
  "PE4 7DU":9,
  "PE4 7DW":9,
  "PE4 7DX":9,
  "PE4 7DY":9,
  "PE4 7DZ":9,
  "PE4 7EA":9,
  "PE4 7EB":9,
  "PE4 7EG":9,
  "PE4 7EH":9,
  "PE4 7EJ":9,
  "PE4 7EL":9,
  "PE4 7EN":9,
  "PE4 7EQ":9,
  "PE4 7ER":9,
  "PE4 7EW":9,
  "PE4 7FH":9,
  "PE4 7FJ":9,
  "PE4 7FN":9,
  "PE4 7FP":9,
  "PE4 7FQ":9,
  "PE4 7FR":9,
  "PE4 7FT":1,
  "PE4 7FU":9,
  "PE4 7FX":1,
  "PE4 7FZ":9,
  "PE4 7GD":9,
  "PE4 7GE":9,
  "PE4 7GF":9,
  "PE4 7GN":9,
  "PE4 7GT":9,
  "PE4 7GU":9,
  "PE4 7GZ":1,
  "PE4 7HY":1,
  "PE4 7HZ":1,
  "PE4 7JL":9,
  "PE4 7JN":9,
  "PE4 7JP":9,
  "PE4 7JW":9,
  "PE4 7LQ":9,
  "PE4 7NA":9,
  "PE4 7NE":9,
  "PE4 7NF":9,
  "PE4 7NG":9,
  "PE4 7NJ":9,
  "PE4 7NQ":9,
  "PE4 7PN":9,
  "PE4 7PP":9,
  "PE4 7PR":9,
  "PE4 7PS":9,
  "PE4 7PT":9,
  "PE4 7PU":9,
  "PE4 7PW":9,
  "PE4 7PX":9,
  "PE4 7PY":9,
  "PE4 7RQ":1,
  "PE4 7RY":1,
  "PE4 7RZ":1,
  "PE4 7SA":1,
  "PE4 7SR":9,
  "PE4 7ST":9,
  "PE4 7SU":9,
  "PE4 7SW":1,
  "PE4 7SX":1,
  "PE4 7SY":1,
  "PE4 7SZ":1,
  "PE4 7TA":9,
  "PE4 7TB":9,
  "PE4 7TD":9,
  "PE4 7TE":9,
  "PE4 7TF":9,
  "PE4 7TG":1,
  "PE4 7TH":1,
  "PE4 7TJ":1,
  "PE4 7TL":1,
  "PE4 7TN":9,
  "PE4 7TP":9,
  "PE4 7TQ":1,
  "PE4 7TR":9,
  "PE4 7TS":9,
  "PE4 7TT":9,
  "PE4 7TU":9,
  "PE4 7TW":9,
  "PE4 7TX":9,
  "PE4 7TY":9,
  "PE4 7TZ":9,
  "PE4 7UA":1,
  "PE4 7UB":9,
  "PE4 7UD":1,
  "PE4 7UE":9,
  "PE4 7UF":9,
  "PE4 7UG":9,
  "PE4 7UH":9,
  "PE4 7UJ":9,
  "PE4 7UL":9,
  "PE4 7UN":9,
  "PE4 7UP":9,
  "PE4 7UQ":9,
  "PE4 7UR":9,
  "PE4 7US":9,
  "PE4 7UT":9,
  "PE4 7UU":9,
  "PE4 7UW":9,
  "PE4 7UX":9,
  "PE4 7UY":9,
  "PE4 7UZ":9,
  "PE4 7WA":1,
  "PE4 7WB":1,
  "PE4 7WD":1,
  "PE4 7WE":1,
  "PE4 7WF":1,
  "PE4 7WG":1,
  "PE4 7WH":1,
  "PE4 7WJ":1,
  "PE4 7WL":1,
  "PE4 7WN":1,
  "PE4 7WP":1,
  "PE4 7WQ":1,
  "PE4 7WR":1,
  "PE4 7WS":1,
  "PE4 7WT":1,
  "PE4 7WU":1,
  "PE4 7WW":1,
  "PE4 7WX":1,
  "PE4 7WY":9,
  "PE4 7WZ":1,
  "PE4 7XA":9,
  "PE4 7XB":9,
  "PE4 7XD":9,
  "PE4 7XE":9,
  "PE4 7XF":9,
  "PE4 7XG":9,
  "PE4 7XH":9,
  "PE4 7XJ":9,
  "PE4 7XL":9,
  "PE4 7XN":9,
  "PE4 7XP":9,
  "PE4 7XQ":9,
  "PE4 7XR":9,
  "PE4 7XS":9,
  "PE4 7XT":9,
  "PE4 7XU":9,
  "PE4 7XW":9,
  "PE4 7XX":9,
  "PE4 7XY":9,
  "PE4 7XZ":9,
  "PE4 7YA":9,
  "PE4 7YB":9,
  "PE4 7YD":9,
  "PE4 7YE":9,
  "PE4 7YF":9,
  "PE4 7YG":9,
  "PE4 7YH":9,
  "PE4 7YJ":9,
  "PE4 7YL":9,
  "PE4 7YN":9,
  "PE4 7YP":9,
  "PE4 7YQ":9,
  "PE4 7YR":9,
  "PE4 7YS":9,
  "PE4 7YT":9,
  "PE4 7YU":9,
  "PE4 7YW":9,
  "PE4 7YX":9,
  "PE4 7YY":9,
  "PE4 7YZ":9,
  "PE4 7ZA":1,
  "PE4 7ZB":1,
  "PE4 7ZD":1,
  "PE4 7ZE":1,
  "PE4 7ZF":1,
  "PE4 7ZG":1,
  "PE4 7ZH":1,
  "PE4 7ZJ":9,
  "PE4 7ZL":9,
  "PE4 7ZN":9,
  "PE4 7ZP":1,
  "PE4 7ZR":1,
  "PE4 7ZS":9,
  "PE4 7ZT":9,
  "PE4 7ZU":9,
  "PE4 7ZW":9,
  "PE4 7ZY":1,
  "PE5 7BN":1,
  "PE5 7BP":1,
  "PE5 7DD":1,
  "PE5 7DQ":1,
  "PE5 7EF":1,
  "PE5 7WB":1,
  "PE6 0AB":10,
  "PE6 0AD":7,
  "PE6 0BF":1,
  "PE6 0BQ":1,
  "PE6 0DN":1,
  "PE6 0DP":1,
  "PE6 0DR":8,
  "PE6 0DS":1,
  "PE6 0DW":1,
  "PE6 0FF":8,
  "PE6 0FH":8,
  "PE6 0GF":8,
  "PE6 0LG":7,
  "PE6 0PA":8,
  "PE6 0PB":8,
  "PE6 0PD":8,
  "PE6 0PE":8,
  "PE6 0PF":8,
  "PE6 0PG":8,
  "PE6 0PH":8,
  "PE6 0PJ":8,
  "PE6 0PL":8,
  "PE6 0PN":8,
  "PE6 0PP":8,
  "PE6 0PQ":8,
  "PE6 0PS":1,
  "PE6 0PW":8,
  "PE6 0PX":7,
  "PE6 0PY":1,
  "PE6 0QA":8,
  "PE6 0QB":8,
  "PE6 0QD":8,
  "PE6 0QE":8,
  "PE6 0QF":8,
  "PE6 0QG":8,
  "PE6 0QH":8,
  "PE6 0QJ":8,
  "PE6 0QL":7,
  "PE6 0QN":7,
  "PE6 0QP":8,
  "PE6 0QQ":8,
  "PE6 0QR":8,
  "PE6 0QS":8,
  "PE6 0QT":8,
  "PE6 0QU":8,
  "PE6 0QW":8,
  "PE6 0QX":8,
  "PE6 0QY":8,
  "PE6 0RA":8,
  "PE6 0RB":8,
  "PE6 0RE":8,
  "PE6 0RF":8,
  "PE6 0RG":8,
  "PE6 0RH":8,
  "PE6 0RJ":8,
  "PE6 0RL":8,
  "PE6 0RP":7,
  "PE6 0RQ":8,
  "PE6 0RR":7,
  "PE6 0RS":8,
  "PE6 0RT":8,
  "PE6 0RW":8,
  "PE6 0RY":8,
  "PE6 0RZ":8,
  "PE6 0SA":8,
  "PE6 0SB":8,
  "PE6 0SD":8,
  "PE6 0SE":8,
  "PE6 0SF":8,
  "PE6 0SG":8,
  "PE6 0SH":8,
  "PE6 0SJ":8,
  "PE6 0SL":8,
  "PE6 0SN":8,
  "PE6 0SP":8,
  "PE6 0SQ":8,
  "PE6 0SR":8,
  "PE6 0SS":8,
  "PE6 0ST":8,
  "PE6 0SU":8,
  "PE6 0SW":8,
  "PE6 0SX":8,
  "PE6 0SY":8,
  "PE6 0SZ":8,
  "PE6 0TA":8,
  "PE6 0TB":8,
  "PE6 0TD":8,
  "PE6 0TE":8,
  "PE6 0TF":8,
  "PE6 0TG":8,
  "PE6 0TH":8,
  "PE6 0TJ":8,
  "PE6 0TL":8,
  "PE6 0TN":8,
  "PE6 0TP":8,
  "PE6 0TQ":8,
  "PE6 0TR":8,
  "PE6 0TS":8,
  "PE6 0TT":8,
  "PE6 0TU":8,
  "PE6 0TW":8,
  "PE6 0TX":8,
  "PE6 0TY":8,
  "PE6 0TZ":8,
  "PE6 0UA":8,
  "PE6 0UB":8,
  "PE6 0UD":8,
  "PE6 0UE":8,
  "PE6 0UG":8,
  "PE6 0UQ":1,
  "PE6 0WA":1,
  "PE6 0WB":1,
  "PE6 0WD":1,
  "PE6 0WH":8,
  "PE6 0WN":1,
  "PE6 0WR":1,
  "PE6 0WS":1,
  "PE6 6AE":1,
  "PE6 6AQ":1,
  "PE6 7AH":2,
  "PE6 7AJ":10,
  "PE6 7AL":1,
  "PE6 7AN":10,
  "PE6 7AQ":1,
  "PE6 7AR":10,
  "PE6 7AS":7,
  "PE6 7AT":7,
  "PE6 7AX":7,
  "PE6 7BJ":7,
  "PE6 7EB":1,
  "PE6 7EH":10,
  "PE6 7EP":10,
  "PE6 7ES":1,
  "PE6 7EW":1,
  "PE6 7EY":7,
  "PE6 7FA":10,
  "PE6 7FB":10,
  "PE6 7FD":1,
  "PE6 7FF":1,
  "PE6 7FG":1,
  "PE6 7FH":1,
  "PE6 7FJ":1,
  "PE6 7FL":1,
  "PE6 7GA":10,
  "PE6 7GH":7,
  "PE6 7GR":7,
  "PE6 7HB":1,
  "PE6 7HD":1,
  "PE6 7HF":1,
  "PE6 7HH":1,
  "PE6 7HJ":1,
  "PE6 7HQ":1,
  "PE6 7JF":10,
  "PE6 7JJ":10,
  "PE6 7ND":9,
  "PE6 7NF":1,
  "PE6 7NG":1,
  "PE6 7NH":1,
  "PE6 7NJ":1,
  "PE6 7NL":1,
  "PE6 7NN":1,
  "PE6 7NP":1,
  "PE6 7NQ":1,
  "PE6 7NR":1,
  "PE6 7NS":1,
  "PE6 7NT":1,
  "PE6 7NW":1,
  "PE6 7NX":1,
  "PE6 7NY":1,
  "PE6 7NZ":1,
  "PE6 7PA":1,
  "PE6 7PE":1,
  "PE6 7PF":1,
  "PE6 7PG":1,
  "PE6 7PH":10,
  "PE6 7PJ":10,
  "PE6 7PL":10,
  "PE6 7PN":10,
  "PE6 7PP":10,
  "PE6 7PQ":10,
  "PE6 7PR":10,
  "PE6 7PS":10,
  "PE6 7PT":10,
  "PE6 7PU":10,
  "PE6 7PW":7,
  "PE6 7PX":1,
  "PE6 7PY":7,
  "PE6 7PZ":7,
  "PE6 7QA":10,
  "PE6 7QB":10,
  "PE6 7QD":10,
  "PE6 7QE":10,
  "PE6 7QF":1,
  "PE6 7QG":1,
  "PE6 7QH":1,
  "PE6 7QL":7,
  "PE6 7QN":10,
  "PE6 7QP":10,
  "PE6 7QR":10,
  "PE6 7QS":10,
  "PE6 7QT":10,
  "PE6 7QU":10,
  "PE6 7QW":10,
  "PE6 7QX":10,
  "PE6 7QY":10,
  "PE6 7QZ":10,
  "PE6 7RA":10,
  "PE6 7RB":10,
  "PE6 7RD":10,
  "PE6 7RE":10,
  "PE6 7RF":10,
  "PE6 7RG":10,
  "PE6 7RH":10,
  "PE6 7RJ":10,
  "PE6 7RL":7,
  "PE6 7RN":10,
  "PE6 7RP":10,
  "PE6 7RQ":10,
  "PE6 7RR":10,
  "PE6 7RS":10,
  "PE6 7RT":10,
  "PE6 7RU":10,
  "PE6 7RW":7,
  "PE6 7RX":9,
  "PE6 7RY":10,
  "PE6 7RZ":10,
  "PE6 7SA":9,
  "PE6 7SB":1,
  "PE6 7SD":1,
  "PE6 7SE":9,
  "PE6 7SF":10,
  "PE6 7SG":9,
  "PE6 7SH":10,
  "PE6 7SJ":10,
  "PE6 7SL":7,
  "PE6 7SN":10,
  "PE6 7SP":7,
  "PE6 7SQ":10,
  "PE6 7SR":10,
  "PE6 7SS":10,
  "PE6 7ST":10,
  "PE6 7SU":10,
  "PE6 7SW":7,
  "PE6 7SX":7,
  "PE6 7SY":10,
  "PE6 7SZ":7,
  "PE6 7TA":7,
  "PE6 7TB":7,
  "PE6 7TD":7,
  "PE6 7TE":7,
  "PE6 7TF":7,
  "PE6 7TG":7,
  "PE6 7TH":7,
  "PE6 7TJ":7,
  "PE6 7TL":7,
  "PE6 7TN":7,
  "PE6 7TP":7,
  "PE6 7TQ":7,
  "PE6 7TR":7,
  "PE6 7TS":7,
  "PE6 7TT":7,
  "PE6 7TU":7,
  "PE6 7TW":7,
  "PE6 7TX":7,
  "PE6 7TY":7,
  "PE6 7TZ":7,
  "PE6 7UA":7,
  "PE6 7UB":7,
  "PE6 7UD":7,
  "PE6 7UE":7,
  "PE6 7UF":7,
  "PE6 7UG":7,
  "PE6 7UH":7,
  "PE6 7UJ":7,
  "PE6 7UL":7,
  "PE6 7UN":7,
  "PE6 7UP":7,
  "PE6 7UQ":7,
  "PE6 7UR":7,
  "PE6 7US":7,
  "PE6 7UT":7,
  "PE6 7UU":7,
  "PE6 7UW":7,
  "PE6 7UX":7,
  "PE6 7UY":7,
  "PE6 7UZ":7,
  "PE6 7WA":1,
  "PE6 7WB":1,
  "PE6 7WD":7,
  "PE6 7WE":7,
  "PE6 7WF":1,
  "PE6 7WG":7,
  "PE6 7WH":7,
  "PE6 7WJ":1,
  "PE6 7WL":7,
  "PE6 7WN":1,
  "PE6 7WP":1,
  "PE6 7WQ":1,
  "PE6 7WR":1,
  "PE6 7WS":1,
  "PE6 7WT":1,
  "PE6 7WU":1,
  "PE6 7WW":1,
  "PE6 7WX":1,
  "PE6 7WY":1,
  "PE6 7WZ":1,
  "PE6 7XA":7,
  "PE6 7XB":7,
  "PE6 7XD":7,
  "PE6 7XE":7,
  "PE6 7XF":7,
  "PE6 7XG":7,
  "PE6 7XH":7,
  "PE6 7XJ":7,
  "PE6 7XL":7,
  "PE6 7XN":7,
  "PE6 7XP":7,
  "PE6 7XQ":7,
  "PE6 7XR":7,
  "PE6 7XS":7,
  "PE6 7XT":7,
  "PE6 7XU":7,
  "PE6 7XW":7,
  "PE6 7XX":7,
  "PE6 7XY":7,
  "PE6 7XZ":7,
  "PE6 7YA":7,
  "PE6 7YB":7,
  "PE6 7YD":7,
  "PE6 7YE":7,
  "PE6 7YF":7,
  "PE6 7YG":7,
  "PE6 7YH":7,
  "PE6 7YJ":7,
  "PE6 7YL":7,
  "PE6 7YN":7,
  "PE6 7YP":7,
  "PE6 7YQ":7,
  "PE6 7YR":7,
  "PE6 7YS":7,
  "PE6 7YT":7,
  "PE6 7YU":7,
  "PE6 7YW":7,
  "PE6 7YX":5,
  "PE6 7YY":5,
  "PE6 7YZ":7,
  "PE6 7ZA":7,
  "PE6 7ZB":7,
  "PE6 7ZD":10,
  "PE6 7ZE":1,
  "PE6 7ZF":1,
  "PE6 7ZG":1,
  "PE6 7ZH":7,
  "PE6 7ZJ":7,
  "PE6 7ZU":1,
  "PE6 7ZW":1,
  "PE6 7ZZ":7,
  "PE6 8QU":1,
  "PE6 8SP":1,
  "PE6 8TS":1,
  "PE6 8TY":1,
  "PE6 8WA":1,
  "PE6 8WJ":1,
  "PE6 8WX":1,
  "PE6 8WZ":1,
  "PE6 8XA":1,
  "PE6 8XB":1,
  "PE6 8XE":1,
  "PE6 8XG":1,
  "PE6 8XJ":1,
  "PE6 8XN":1,
  "PE6 8XQ":1,
  "PE6 8XS":1,
  "PE6 8XU":1,
  "PE6 8XZ":1,
  "PE6 8YF":1,
  "PE6 8YN":1,
  "PE6 8YQ":1,
  "PE6 8YU":1,
  "PE6 8ZA":1,
  "PE6 8ZF":1,
  "PE6 8ZH":1,
  "PE6 8ZR":1,
  "PE6 8ZW":1,
  "PE6 9AW":1,
  "PE6 9DH":1,
  "PE6 9DX":1,
  "PE6 9HB":1,
  "PE6 9HL":1,
  "PE6 9HW":1,
  "PE6 9RP":1,
  "PE6 9RW":1,
  "PE6 9TD":1,
  "PE6 9WA":1,
  "PE6 9WD":1,
  "PE6 9WJ":1,
  "PE6 9WS":1,
  "PE6 9WU":1,
  "PE6 9WY":1,
  "PE6 9WZ":1,
  "PE6 9XR":1,
  "PE6 9ZW":1,
  "PE7 1ER":1,
  "PE7 1ES":1,
  "PE7 1FD":1,
  "PE7 1FR":1,
  "PE7 1FS":1,
  "PE7 2FB":1,
  "PE7 2FE":1,
  "PE7 2FF":1,
  "PE7 2FU":1,
  "PE7 2QA":1,
  "PE7 3AT":1,
  "PE7 3FX":1,
  "PE7 3GS":1,
  "PE7 3GU":1,
  "PE7 3NL":1,
  "PE7 3NN":1,
  "PE7 3PU":1,
  "PE7 3WG":1,
  "PE7 3WL":1,
  "PE7 3WX":1,
  "PE7 3XZ":1,
  "PE7 3ZB":1,
  "PE7 3ZE":1,
  "PE7 3ZJ":1,
  "PE7 8WB":1,
  "PE7 8WH":1,
  "PE7 8WP":1,
  "PE7 8WQ":1,
  "PE7 8WR":1,
  "PE7 8WS":1,
  "PE7 8WT":1,
  "PE7 8WU":1,
  "PE7 8WW":1,
  "PE7 8WY":1,
  "PE7 8WZ":1,
  "PE7 8XE":1,
  "PE7 8XT":1,
  "PE7 8YH":1,
  "PE7 8YT":1,
  "PE7 8YY":1,
  "PE7 8ZT":1,
  "PE8 4GA":1,
  "PE8 4HF":1,
  "PE8 4JX":1,
  "PE8 4JY":1,
  "PE8 4LZ":1,
  "PE8 4XA":1,
  "PE8 5AY":1,
  "PE8 5BX":1,
  "PE8 5DZ":1,
  "PE8 5JJ":1,
  "PE8 5JQ":1,
  "PE8 5NJ":1,
  "PE8 5QW":1,
  "PE8 5UB":1,
  "PE8 5WA":1,
  "PE8 5WW":1,
  "PE8 5XB":1,
  "PE8 5XH":1,
  "PE8 5XT":1,
  "PE8 5YA":1,
  "PE8 5ZL":1,
  "PE8 6BF":1,
  "PE8 6EX":1,
  "PE8 6FB":1,
  "PE8 6FD":1,
  "PE8 6FF":1,
  "PE8 6FG":1,
  "PE8 6FH":1,
  "PE8 6FJ":1,
  "PE8 6HU":1,
  "PE8 6HZ":1,
  "PE8 6NA":1,
  "PE8 6PX":1,
  "PE8 6SS":1,
  "PE8 6SZ":1,
  "PE8 6UJ":1,
  "PE8 6UL":1,
  "PE8 6US":1,
  "PE8 6UZ":1,
  "PE8 6WA":1,
  "PE8 6WB":1,
  "PE8 6WD":1,
  "PE8 6WE":1,
  "PE8 6WL":1,
  "PE8 6WN":1,
  "PE8 6WP":1,
  "PE8 6WQ":1,
  "PE8 6WS":1,
  "PE8 6WU":1,
  "PE8 6WW":1,
  "PE8 6WY":1,
  "PE8 6ZA":1,
  "PE8 6ZB":1,
  "PE8 6ZD":1,
  "PE8 6ZR":1,
  "PE8 6ZU":1,
  "PE8 6ZZ":1,
  "PE8 9AF":1,
  "PE8 9AL":1,
  "PE8 9AZ":1,
  "PE8 9BB":1,
  "PE8 9BD":1,
  "PE8 9BE":1,
  "PE9 1NA":1,
  "PE9 1NG":1,
  "PE9 1XQ":1,
  "PE9 4UG":1,
  "PE9 4WW":1,
  "PE9 4WX":1,
  "PE9 9AZ":1,
  "PE9 9BF":1,
  "PE9 9BU":1,
  "PE9 9BY":1,
  "PE9 9DA":1,
  "PE9 9DB":1,
  "PE9 9DF":1,
  "PE9 9DG":1,
  "PE9 9FU":1,
  "PE9 9FY":1,
  "PE9 9GQ":1,
  "PE9 9HS":1,
  "PE9 9SY":1,
  "PE9 9WH":1,
  "PE99 1AA":1,
  "PE99 1AB":1,
  "PE99 1AD":1,
  "PE99 1AE":1,
  "PE99 1AF":1,
  "PE99 1AG":1,
  "PE99 1AH":1,
  "PE99 1AJ":1,
  "PE99 1AL":1,
  "PE99 1AN":1,
  "PE99 1AP":1,
  "PE99 1AQ":1,
  "PE99 1AR":1,
  "PE99 1AS":1 
}
 